"field","key","n_unique","n_missing","numeric","examples"
"age.at.diagnosis (year):ch1","age.at.diagnosis (year)",114,1,TRUE,"34.5 | 36.4 | 36.9 | 38.2 | 39.2 | 60.9"
"braf.mutation.dna:ch1","braf.mutation.dna",1,560,FALSE,"c.1799T>A"
"braf.mutation.exon.number:ch1","braf.mutation.exon.number",1,560,FALSE,"c.1799T>A"
"braf.mutation.protein:ch1","braf.mutation.protein",1,560,FALSE,"p.V600E"
"braf.mutation:ch1","braf.mutation",2,73,FALSE,"WT | M"
"chemotherapy.adjuvant.type:ch1","chemotherapy.adjuvant.type",5,411,FALSE,"5FU | FOLFOX | other | FUFOL | FOLFIRI"
"chemotherapy.adjuvant:ch1","chemotherapy.adjuvant",2,19,FALSE,"N | Y"
"cimp.status:ch1","cimp.status",2,72,FALSE,"- | +"
"cin.status:ch1","cin.status",2,104,FALSE,"+ | -"
"cit.molecularsubtype:ch1","cit.molecularsubtype",6,19,FALSE,"C5 | C4 | C3 | C1 | C2 | C6"
"dataset:ch1","dataset",3,0,FALSE,"discovery | validation | Non Tumoral"
"dependancy sample:ch1","dependancy sample",17,568,FALSE,"CIT546 | CIT540 | CIT404 | CIT552 | CIT431 | CIT362"
"kras.mutation.dna:ch1","kras.mutation.dna",26,371,FALSE,"c.35G>A | c.35G>T | c.35G>C | c.38G>A | c.34G>A | c.34G>T"
"kras.mutation.exon.number:ch1","kras.mutation.exon.number",26,371,FALSE,"c.35G>A | c.35G>T | c.35G>C | c.38G>A | c.34G>A | c.34G>T"
"kras.mutation.protein:ch1","kras.mutation.protein",14,472,FALSE,"p.G12D | p.G12V | p.G12A | p.G13D | p.G12S | p.G12C"
"kras.mutation:ch1","kras.mutation",2,40,FALSE,"M | WT"
"mmr.status:ch1","mmr.status",2,49,FALSE,"pMMR | dMMR"
"organism:ch1","organism",1,0,FALSE,"Homo sapiens"
"os.delay (months):ch1","os.delay (months)",146,6,TRUE,"10 | 9 | 52 | 74 | 32 | 73"
"os.event:ch1","os.event",2,6,TRUE,"1 | 0"
"rfs.delay:ch1","rfs.delay",139,8,TRUE,"0 | 4 | 74 | 1 | 73 | 17"
"rfs.event:ch1","rfs.event",2,11,TRUE,"1 | 0"
"rna.extraction.method:ch1","rna.extraction.method",7,2,FALSE,"Manual-Trizol | Manual-Cesium Chloride | Manual-Rneasy Mini (Qiagen) | TriReagent & Manual-Rneasy Mini (Qiagen) | Manual-Rneasy Micro (Qiagen) | RNA NOW"
"Sex:ch1","Sex",2,0,FALSE,"Male | Female"
"tnm.m:ch1","tnm.m",3,22,FALSE,"M1 | M0 | MX"
"tnm.n:ch1","tnm.n",5,22,FALSE,"N2 | N0 | N1 | N3 | N+"
"tnm.stage:ch1","tnm.stage",5,2,TRUE,"4 | 2 | 1 | 3 | 0"
"tnm.t:ch1","tnm.t",6,22,FALSE,"T4 | T3 | T2 | T1 | T0 | Tis"
"tp53.mutation.dna:ch1","tp53.mutation.dna",48,517,FALSE,"c.610G>T | c.524G>A | FS | c.856G>A | c.514G>T | c.817C>G"
"tp53.mutation.exon.number:ch1","tp53.mutation.exon.number",48,517,FALSE,"c.610G>T | c.524G>A | FS | c.856G>A | c.514G>T | c.817C>G"
"tp53.mutation.protein:ch1","tp53.mutation.protein",47,519,FALSE,"p.E204X | p.R175H | FS | p.E286K | p.V172F | p.R273G"
"tp53.mutation:ch1","tp53.mutation",2,234,FALSE,"M | WT"
"tumor.location:ch1","tumor.location",2,2,FALSE,"distal | proximal"
