"Model","Variable","Level","N","Events","HR (95% CI)","p","Overall p"
"Univariable","ROCK2 expression","Low (ref)",252,80,"Reference",,
"Univariable","","High",245,60,"0.74 (0.53–1.03)","0.074",
"Univariable, continuous (per 1 log2 unit)","ROCK2 expression, log2 (per 1 unit)","",497,140,"0.86 (0.68–1.07)","0.174",
"Multivariable","ROCK2 expression","Low (ref)",248,80,"Reference",,
"Multivariable","","High",244,60,"0.74 (0.53–1.03)","0.073",
"Multivariable","Age (per 10 years)","",492,140,"1.10 (0.96–1.25)","0.167",
"Multivariable","Sex","Male (ref)",272,87,"Reference",,
"Multivariable","","Female",220,53,"0.69 (0.49–0.98)","0.036",
"Multivariable","Pathologic stage","I (ref)",31,1,"Reference",,"<0.001"
"Multivariable","","II",260,59,"6.82 (0.94–49.25)","0.057",
"Multivariable","","III",201,80,"13.58 (1.89–97.66)","0.010",
"Multivariable (MMR status known)","ROCK2 expression","Low (ref)",218,73,"Reference",,
"Multivariable (MMR status known)","","High",230,59,"0.74 (0.53–1.05)","0.089",
"Multivariable (MMR status known)","Age (per 10 years)","",448,132,"1.09 (0.95–1.25)","0.218",
"Multivariable (MMR status known)","Sex","Male (ref)",253,82,"Reference",,
"Multivariable (MMR status known)","","Female",195,50,"0.74 (0.52–1.06)","0.098",
"Multivariable (MMR status known)","Pathologic stage","I (ref)",31,1,"Reference",,"<0.001"
"Multivariable (MMR status known)","","II",219,52,"7.45 (1.03–53.97)","0.047",
"Multivariable (MMR status known)","","III",198,79,"13.72 (1.91–98.70)","0.009",
"Multivariable + MMR status","ROCK2 expression","Low (ref)",218,73,"Reference",,
"Multivariable + MMR status","","High",230,59,"0.66 (0.46–0.93)","0.019",
"Multivariable + MMR status","Age (per 10 years)","",448,132,"1.11 (0.97–1.28)","0.134",
"Multivariable + MMR status","Sex","Male (ref)",253,82,"Reference",,
"Multivariable + MMR status","","Female",195,50,"0.77 (0.54–1.10)","0.153",
"Multivariable + MMR status","Pathologic stage","I (ref)",31,1,"Reference",,"<0.001"
"Multivariable + MMR status","","II",219,52,"6.78 (0.94–49.12)","0.058",
"Multivariable + MMR status","","III",198,79,"12.21 (1.69–87.91)","0.013",
"Multivariable + MMR status","MMR status","pMMR (ref)",379,122,"Reference",,
"Multivariable + MMR status","","dMMR",69,10,"0.42 (0.22–0.82)","0.011",
