"pathway","size","ES","NES","pval","padj","leading_edge","NES_no_cov","padj_no_cov","robust_no_covariate","collapsed_main"
"HALLMARK_E2F_TARGETS",199,0.7758661631694831,3.903492548982441,1.3132519746065238e-66,6.566259873032619e-65,"MAD2L1;PLK4;H2AZ1;RAD51AP1;CDK1;DEPDC1;RRM2;HMMR;TRA2B;UBE2T;DLGAP5;CDKN3;CHEK1;SPC25;TMPO;GINS3;SLBP;RACGAP1;BIRC5;HMGB2;MCM6;PTTG1;MELK;CCNB2;TIPIN;DONSON;EIF2S1;PAICS;MTHFD2;SRSF2;CKS2;BUB1B;DCK;HELLS;TRIP13;CENPE;KPNA2;USP1;EZH2;BARD1;RANBP1;SRSF1;DUT;LMNB1;DIAPH3;LYAR;KIF2C;CNOT9;PPP1R8;PRIM2;MMS22L;UNG;POLD3;RAN;RFC3;UBR7;AK2;TOP2A;ORC6;BRCA1;PA2G4;DCLRE1B;CKS1B;ATAD2;NUP107;STMN1;KIF4A;RPA3;CDC25A;NUDT21;CHEK2;CDCA8;DSCC1;XPO1;E2F8;GINS1;ANP32E;SMC4;AURKA;MSH2;TIMELESS;XRCC6;PHF5A;CTPS1;RAD21;SPAG5;NBN;ZW10;PSIP1;MCM4;GSPT1;TFRC;EXOSC8;SYNCRIP;CDCA3;BRMS1L;ASF1B;PCNA;LBR;EED;BRCA2;ASF1A;RAD51C;RPA2;PRPS1;GINS4;NUP205;DCTPP1;RAD1;TACC3;RFC2;PSMC3IP;NASP;CDC20;CSE1L;DEK;MKI67;HMGB3;NCAPD2;NAP1L1;RFC1;UBE2S;NOLC1;SPC24;PRDX4;ING3;TCF19;POLE4;MCM3;TK1;NME1;SMC1A;CDKN2C;CDK4;RBBP7;SMC3;SHMT1;CBX5;H2AX;AURKB;KIF22",3.9302883462702574,1.974159371693737e-65,TRUE,
"HALLMARK_MYC_TARGETS_V1",200,0.7518980658137681,3.798990779708808,1.9205101533417153e-59,4.801275383354288e-58,"MAD2L1;CCNA2;H2AZ1;TRA2B;SRSF3;EIF4E;ABCE1;PTGES3;MCM6;CDK2;EIF2S1;PSMA4;HNRNPC;SRSF2;POLE3;RFC4;PRDX3;GLO1;KPNA2;USP1;NPM1;SNRPD1;VBP1;RANBP1;RRM1;SRSF1;DUT;SNRPG;HPRT1;HNRNPR;ERH;ETF1;BUB3;CCT2;DHX15;PSMC6;RAN;YWHAQ;PA2G4;EIF1AX;XPO1;CCT4;PSMD14;IARS1;SERBP1;HSPD1;ODC1;SET;VDAC3;RAD23B;G3BP1;XRCC6;SRSF7;TOMM70;ACP1;TYMS;CTPS1;NDUFAB1;C1QBP;CDC45;LDHA;ILF2;TCP1;MCM4;CBX3;SSBP1;GSPT1;SYNCRIP;PSMA1;DDX18;GNL3;UBE2E1;PRPS2;STARD7;CANX;DDX21;PGK1;SNRPA1;PCNA;YWHAE;PPIA;RSL1D1;HNRNPA2B1;PSMB2;AP3S1;SLC25A3;PHB2;EIF3J;XPOT;NCBP1;UBE2L3;KPNB1;EEF1B2;CDC20;DEK;LSM2;NAP1L1;TFDP1;UBA2;SRPK1;NOLC1;SSB;PSMD1;PWP1;CNBP;GOT2;TARDBP;PRDX4;EPRS1;HSPE1;VDAC1;RPL6;HDGF;RPL14;HDAC2;MRPL9;APEX1;NME1;COX5A;RPL34;CSTF2;KARS1;SNRPB2;NOP16;HDDC2;CDK4;HNRNPU;HNRNPA3",3.8659777883420503,3.082740871341e-60,TRUE,
"HALLMARK_G2M_CHECKPOINT",197,0.7068177323548492,3.5506765688834965,4.919744989163163e-48,8.199574981938606e-47,"MAD2L1;CCNA2;PLK4;H2AZ1;CDK1;HMMR;TRA2B;BUB1;PBK;EXO1;NEK2;CENPA;CDKN3;CHEK1;TMPO;RACGAP1;BIRC5;MCM6;PTTG1;CCNB2;DBF4;FBXO5;AMD1;CDC7;KIF11;KIF23;SRSF2;STIL;CKS2;NDC80;TTK;SMC2;CENPE;CDC6;KPNA2;KNL1;EZH2;GINS2;SNRPD1;BARD1;SRSF1;LMNB1;KIF2C;DR1;PRIM2;BUB3;KIF15;TOP2A;ORC6;CKS1B;KIF20B;STMN1;KIF4A;DTYMK;CDC25A;RAD54L;POLQ;XPO1;SMC4;ODC1;AURKA;SAP30;NUP50;RAD23B;G3BP1;SRSF10;HMGN2;ORC5;RAD21;HSPA8;CDC27;E2F2;CDC45;GSPT1;SYNCRIP;CCNT1;LBR;BRCA2;UBE2C;RPA2;MNAT1;TACC3;TPX2;KPNB1;NASP;CDC20;CUL5;MKI67;TROAP;HMGB3;UBE2S;CENPF;TFDP1;NOLC1;SFPQ;MTF2;NSD2;CASP8AP2;PRMT5;MCM3;H2AZ2;SMC1A;RBL1;TOP1;CDKN2C;KATNA1;CDK4;H2AX;HNRNPU;AURKB;KIF22",3.5609872700000422,9.221862559205056e-46,TRUE,
"HALLMARK_MTORC1_SIGNALING",199,0.6068149299830735,3.0529718529338696,1.1900708604931569e-28,1.487588575616446e-27,"RRM2;BUB1;DHFR;UBE2D3;PSMA4;MTHFD2;CACYBP;POLR3G;UCHL5;HPRT1;PSMA3;ETF1;UNG;MTHFD2L;PSMC6;GMPS;PSMD12;CDC25A;ELOVL6;PDK1;PSMD14;STARD4;HSPD1;AURKA;EEF1E1;SSR1;TXNRD1;PNO1;HMGCR;IDI1;HSP90B1;LDHA;MCM4;TFRC;PSAT1;HSPA9;PRDX1;CANX;PGK1;TMEM97;SLC7A11;SERP1;SEC11A;TBK1;CCNG1;PPIA;HSPA4;NUP205;SC5D;IMMT;ENO1;PNP;USO1;GSR;ERO1A;TCEA1;P4HA1;RAB1A;PSME3;IDH1;ACTR3;CCT6A;RDH11;GTF2H1;EPRS1;HSPE1;ACSL3;PITPNB;PPA1;HSPA5;SHMT2;NAMPT;PSMC2;CTH;TPI1;CTSC;PSMG1;ME1;SORD;GOT1;PSPH;WARS1;HMGCS1;RPN1;GLA;ADD3;GBE1;ATP5MC1;COPS5;PSMD13;ACTR2;CCNF;XBP1;PLK1;GLRX;GCLC;ATP6V1D;STIP1;UFM1;PSMB5;RPA1;LTA4H;SRD5A1;ADIPOR2;SQLE;HMBS;INSIG1;PIK3R3;NFIL3;PLOD2",3.1045722167635645,9.825537159772533e-29,TRUE,
"HALLMARK_OXIDATIVE_PHOSPHORYLATION",199,0.6045883765653278,3.0417697473534733,2.307315518683274e-28,2.307315518683274e-27,"PRDX3;MRPS15;MRPS22;CYCS;TIMM17A;MRPL35;ATP5PB;GRPEL1;SDHD;TOMM22;COX11;PDHX;NDUFC1;ATP5PF;ATP5F1C;VDAC3;NDUFB5;TIMM9;TOMM70;FXN;DLAT;UQCRH;MDH1;NDUFAB1;COX7A2L;LDHA;MRPS30;SDHB;NDUFB6;MRPL11;HSPA9;SUPV3L1;MTRR;COX7A2;UQCRFS1;ISCA1;ETFA;LRPPRC;IDH3A;SDHC;MRPL15;FH;SLC25A3;NDUFB3;PHB2;IMMT;NDUFA5;NDUFS4;MTX2;COX15;LDHB;SUCLG1;NDUFB1;DLD;ATP5PD;COX7C;ATP5MC3;IDH1;GOT2;NDUFA4;GLUD1;VDAC2;FDX1;VDAC1;MRPL34;ATP5PO;ATP5F1B;OPA1;ATP6V1G1;COX5A;HCCS;NDUFS1;COX6A1;CYB5A;TIMM8B;DLST;UQCRB;DECR1;ATP5MC1;ECHS1;ACAT1;NDUFB4;TIMM50;ATP5MG;ACADSB;ATP5F1A;NDUFV2;MPC1;UQCRC2;SUCLA2;AFG3L2;NDUFS3;PDHB;ABCB7;SLC25A4;CS;RHOT1;ETFDH;ACADM;ATP6V1D;NDUFC2;COX17;UQCRQ;NDUFB2;NDUFA8;COX7B;UQCR10;OAT;MRPS11;NDUFA6;NQO2;ATP5MF;NDUFA9;ISCU;AIFM1;NDUFA1;COX10;SLC25A5;TIMM10;ATP1B1;NDUFA2;ATP6V0B;IDH2;COX6C;ATP6V1E1",3.0365734153166,6.349425667203363e-27,TRUE,
"HALLMARK_EPITHELIAL_MESENCHYMAL_TRANSITION",199,-0.5440904796219352,-2.72164283976743,2.63426478874545e-21,2.1952206572878752e-20,"LRP1;SLIT3;FBLN1;FZD8;ELN;EFEMP2;THBS2;COMP;ITGB5;FLNA;PMEPA1;COL6A2;DPYSL3;ACTA2;SLIT2;ECM1;FBLN5;FBLN2;COL8A2;MYL9;SFRP4;COL16A1;GPC1;MMP14;PDGFRB;TAGLN;PDLIM4;LOXL1;SFRP1;BMP1;COL4A2;FBN1;GAS1;COL5A1;COL1A1;COL1A2;MATN3;BGN;IGFBP3;JUN;COL6A3;MMP2;VCAN;LRRC15;COL3A1;TIMP3;CDH2;THY1;FN1;LOXL2;SERPINH1;PLOD3;MGP;COL11A1;TPM2;CRLF1;FSTL3;NID2;MYLK;ADAM12;THBS1;DAB2;PCOLCE;NTM;ABI3BP;TNC;COL5A2;MFAP5;CDH11;HTRA1;SDC4;SGCD;BASP1;MXRA5;LAMC1;CXCL12;SDC1;IGFBP4;P3H1;VEGFA;PTHLH;SPOCK1;ITGA5;TGM2;CCN1;LGALS1;MAGEE1;SERPINE1;COL12A1;TGFBI;TGFB1;RHOB;TIMP1;GEM;CCN2;GADD45B;DST;FERMT2;SPARC;ECM2;EMP3;FSTL1;GREM1;TNFAIP3;CALD1;DKK1;LAMC2;OXTR;APLP1;CAPG;FBN2;ITGB3;FAP;COL4A1;PTX3",-2.7886537703701015,2.5171253601830655e-22,TRUE,
"HALLMARK_MYOGENESIS",159,-0.5722991677333453,-2.797439515507903,2.4504689503371846e-20,1.7503349645265604e-19,"MEF2D;TSC2;HDAC5;GNAO1;DMPK;NOTCH1;SMTN;AEBP1;MYH9;MYOM1;SGCA;ITGB5;ITGA7;FOXO4;SPEG;COL6A2;EFS;ITGB4;SVIL;CLU;CRYAB;MYH11;PDLIM7;HRC;PTGIS;CACNA1H;MAPRE3;TAGLN;SH2B1;FHL1;ATP6AP1;COL4A2;LDB3;PYGM;GSN;COL1A1;DES;PLXNB2;VIPR1;IGFBP3;FLII;COL6A3;COL3A1;AKT2;IGF1;DAPK2;APOD;TPM2;HSPB8;KIFC3;COX7A1;SORBS1;SORBS3;PPP1R3C;KCNH2;FST;MYLK;APP;MYO1C;SPTAN1;ADAM12;SOD3;NCAM1;ACTA1;ENO3;MRAS;ACTC1;PICK1;LSP1;MYH3;GPX3;SGCD;REEP1;ERBB3;ADCY9;DENND2B;TGFB1;PPFIA4;CKB;GADD45B;AGRN;CTF1;DTNA;PC;SPARC;GAA;MEF2C;CHRNA1;PSEN2;PTP4A3;NAV2;LARGE1;CDH13;CRAT;SIRT2;RYR1;APLNR;GJA5;CHRNB1;OCEL1;COL15A1;BIN1;CFD;SSPN;TNNC2;IGFBP7;TNNI1",-2.835920044555459,9.339152437864596e-21,TRUE,
"HALLMARK_APICAL_JUNCTION",181,-0.5008590117941382,-2.4759159680036276,4.738750383689306e-15,2.961718989805816e-14,"THBS3;PKD1;MYH9;TRAF1;JUP;TRO;LAMB3;SPEG;PLCG1;INPPL1;STX4;SLIT2;ITGB4;NLGN3;TMEM8B;MYL9;NFASC;COL16A1;TAOK2;JAM3;SHC1;CLDN11;NRXN2;SRC;BMP1;EVL;FBN1;VWF;GRB7;CLDN4;MAP4K2;PCDH1;ACTN4;GNAI2;SYMPK;SDC3;RRAS;ACTN1;ADAM23;ACTG2;CLDN5;ITGA10;MMP2;VCAN;CNTN1;THY1;AKT2;GTF2F1;COL17A1;ZYX;DHX16;SORBS3;KCNH2;NLGN2;MADCAM1;NHERF4;CERCAM;CALB2;ACTB;AKT3;ACTA1;ACTC1;PARVA;CDH4;FLNC;NEGR1;TSPAN4;CDH11;CD276;ITGA3;MYH10;NECTIN4;CLDN9;MMP9;AMIGO2;TGFBI;ICAM5;MSN;EGFR;BAIAP2;LAYN;WNK4;TSC1;CD34;NECTIN1;IKBKG;LAMC2;CRAT;PECAM1;MAPK11;MVD;ITGA9;SHROOM2;PBX2;COL9A1;EXOC4",-2.469569019548974,8.197453644182198e-15,TRUE,
"HALLMARK_MYC_TARGETS_V2",58,0.6652914028436535,2.7018607658055687,1.7773555062985484e-11,9.874197257214157e-11,"PLK4;NPM1;UNG;PA2G4;WDR43;HSPD1;TFB2M;NIP7;MCM4;CBX3;MRTO4;SUPV3L1;DDX18;GNL3;TMEM97;NDUFAF4;DCTPP1;PRMT3;NOLC1;HSPE1;UTP20;SORD;NOP16;MPHOSPH10;CDK4",2.6474663235082403,9.752118560680832e-10,TRUE,
"HALLMARK_DNA_REPAIR",148,0.4762911727981809,2.274022234801881,6.326930551363282e-10,3.1634652756816413e-9,"RFC5;GTF2A2;PRIM1;ZWINT;TMED2;RFC4;GTF2H3;RAD51;ARL6IP1;DUT;HPRT1;POLD3;RFC3;CSTF3;RPA3;NUDT21;POLR2D;TAF13;TYMS;UMPS;TAF9;GTF2B;FEN1;DAD1;ERCC8;PCNA;RBX1;RPA2;POLB;MPC2;RFC2;PNP;POLR2K;SMAD5;GTF2H5;SF3A3;NT5C3A;TAF12;GTF2H1;POLA1;CETN2;POLE4;DCTN4;NME1;ALYREF;MRPL40;RALA;NUDT9;EIF1B;POLR1C;RRM2B;SSRP1;COX17;UPF3B;POLR2C;AK3;SDCBP;DGUOK",2.290116100834678,1.4027445559090202e-9,TRUE,
"HALLMARK_UNFOLDED_PROTEIN_RESPONSE",112,0.4967489826771414,2.2645104436564623,7.3249656887393364e-9,3.3295298585178803e-8,"EXOSC9;EIF4E;EIF2S1;MTHFD2;NPM1;SPCS3;SRPRB;CKS1B;IARS1;SSR1;HSP90B1;SLC30A5;PSAT1;HSPA9;CNOT6;EXOSC2;SERP1;MTREX;SEC11A;SPCS1;XPOT;YWHAZ;DDX10;ERO1A;SDAD1;NOLC1;TARS1;DCP1A;HSPA5;BANF1;IMP3;NFYB;NOP14;PDIA6;PAIP1;CNOT2;H2AX;LSM4;KDELR3;LSM1;XBP1;DCP2;DNAJB9;CEBPG;POP4;ATF4;DNAJC3;NOP56;PDIA5;GEMIN4;EIF4A3;NHP2;DKC1;EIF4EBP1",2.2787893528541834,3.323412177097951e-8,TRUE,
"HALLMARK_FATTY_ACID_METABOLISM",147,0.42594698884059506,2.03610864052706,2.8975944520283143e-7,1.2073310216784643e-6,"H2AZ1;OSTC;METAP1;MIX23;SDHD;ODC1;RAP1GDS1;MDH1;NBN;HSP90AA1;IDI1;HADH;LDHA;SMS;CPOX;PSME1;PTS;SDHC;FH;CRYZ;CBR3;HSD17B11;SUCLG1;DLD;UGDH;HSDL2;SUCLG2;GPD2;IDH1;RDH11;AADAT;HIBCH;ADSL;ALDH9A1;CBR1;HSD17B4;APEX1;ME1;HCCS;ACSL4;MCEE;HSD17B7;S100A10;DLST;HMGCS1;DECR1;AUH;ECHS1;UROS;SUCLA2;PDHB;ACAT2;FABP2;ETFDH;ACADM;PTPRG;KMT5A;PRDX6;VNN1;PCBD1;YWHAH",2.1040054243109982,1.546106470835606e-7,TRUE,
"HALLMARK_PROTEIN_SECRETION",94,0.48028411183881997,2.1247126729771573,3.7396904567543935e-7,1.4383424833670745e-6,"TMED2;TMX1;ANP32E;ZW10;SGMS1;ARFIP1;TPD52;AP3S1;DNM1L;BET1;USO1;VAMP7;LMAN1;TMED10;SOD1;VAMP3;NAPG;TOM1L1;STAM;SCAMP1;COPB1;RAB14;SEC24D;SEC22B;CTSC;PPT1;CLCN3;ADAM10;MAPK1;GLA;YIPF6;AP3B1;ARCN1;SNX2;RAB2A;AP1G1;COPB2;STX12;VPS4B;RAB5A;SNAP23;RAB9A;COG2;ARFGAP3;GOLGA4",2.1367460302554653,2.153384676145848e-6,TRUE,
"HALLMARK_GLYCOLYSIS",187,0.3863981315932357,1.9217677082755869,1.2285147951336147e-6,4.38755283976291e-6,"CDK1;DEPDC1;HMMR;CENPA;PGM2;RARS1;KIF20A;STMN1;HOMER1;AURKA;SAP30;MDH1;RPE;LDHA;ARPP19;TXN;FAM162A;PKP2;PGK1;KIF2A;PGAM1;ME2;SDHC;PPIA;PRPS1;ENO1;NASP;PMM2;CASP6;ERO1A;P4HA1;AGL;SLC35A3;DLD;FUT8;IDH1;GOT2;SOD1;FKBP4;HSPA5;ECD;HS2ST1;GFPT1;ALDH9A1;HAX1;CTH;TPI1;ME1;GOT1;BPNT1;CYB5A;GNPDA1",1.939946715492688,3.835273995464294e-6,TRUE,
"HALLMARK_COAGULATION",110,-0.4373730048097678,-2.0501873423526145,1.9748645929470754e-6,6.582881976490252e-6,"LRP1;COMP;MMP11;USP11;CLU;C1R;MMP14;C3;PLAT;CRIP2;PROC;A2M;BMP1;FBN1;VWF;SH2B2;RAPGEF3;GSN;MMP2;KLF7;TIMP3;FN1;F10;SERPING1;PDGFB;C1S;THBS1;ACOX2;CASP9;FURIN;HTRA1;HPN;MMP9;SERPINE1;CPQ;HNF4A;TIMP1;CAPN5;SPARC;GNB2;GP1BA;CSRP1;WDR1;THBD;PECAM1;SIRT2;ITGB3;S100A1;CFD;TFPI2;MMP15;CFH;MEP1A",-2.087474601457549,2.232881497578645e-6,TRUE,
"HALLMARK_KRAS_SIGNALING_DN",121,-0.4168342190647416,-1.9809960492042555,2.56949179313964e-6,8.029661853561374e-6,"UPK3B;CLSTN3;SYNPO;TCF7L1;IDUA;LFNG;SLC29A3;MAST3;ZBTB16;YPEL1;SPHK2;KCNMB1;ITIH3;PDK2;CAMK1D;HNF1A;EFHD1;PKP1;STAG3;KCND1;MYO15A;CACNA1F;CCDC106;COQ8A;NR6A1;EDN1;ACTC1;PRKN;KRT15;THRB;TFCP2L1;KMT2D;GPRC5C;BTG2;HSD11B2;RGS11;CHST2;SPTBN2;TGFB2;DTNB;ADRA2C;COPZ2;NRIP2;KLHDC8A;NUDT11;THNSL2;GP1BA;FGFR3;PTPRJ;RYR1;GDNF;TGM1",-2.0525645872438645,1.733651162726356e-6,TRUE,
"HALLMARK_SPERMATOGENESIS",85,0.4635699655871427,2.017475836271918,1.0324007242708435e-5,3.0364727184436577e-5,"CDK1;BUB1;NEK2;CDKN3;CCNB2;DBF4;RFC4;TTK;NCAPH;EZH2;KIF2C;AURKA;VDAC3;TSN;HSPA4L;TOPBP1;PARP2;DMC1;GMCL1;IDE;PIAS2;PSMG1;AGFG1;STRBP;COIL;RAD17",2.014239093262532,2.5366330329612575e-5,TRUE,
"HALLMARK_HEDGEHOG_SIGNALING",33,-0.5833410159488469,-2.0906728164499335,5.711458180561986e-5,1.5865161612672182e-4,"LDB1;L1CAM;MYH9;CRMP1;ADGRG1;GLI1;SLIT1;PTCH1;CELSR1;THY1;NRP2;VEGFA;HEY2;VLDLR;HEY1;TLE3;TLE1;PML;ACHE;RTN1;UNC5C;SCG2;SHH",-2.132826291172291,4.570871819231284e-5,TRUE,
"HALLMARK_WNT_BETA_CATENIN_SIGNALING",40,-0.5077112931533815,-1.905693617947372,2.870787810057606e-4,7.55470476330949e-4,"HDAC5;NCOR2;NOTCH1;FZD8;NOTCH4;AXIN1;HDAC11;CSNK1E;FZD1;FRAT1;PTCH1;JAG2;WNT5B;PPARD;HEY2;NKD1;DVL2;HEY1;TCF7;PSEN2;DKK1",-1.8349573981017608,0.001785693397114114,TRUE,
"HALLMARK_ANDROGEN_RESPONSE",98,0.3864819284815767,1.718841929093435,5.592056470415692e-4,0.001398014117603923,"CENPN;SPCS3;PA2G4;GNAI3;XRCC6;HMGCR;IDI1;SMS;SRP19;TPD52;GSR;VAPA;NGLY1;LMAN1;XRCC5;PGM3;ACSL3;DBI;SEC24D;SORD;NKX3-1;HMGCS1;FKBP5;NCOA4;TMEM50A;B2M;UAP1;SLC38A2;STK39;MAP7;DNAJB9;MYL12A;PDLIM5;RAB4A;IQGAP2;TNFAIP8;UBE2J1",1.7924695553698384,2.9897931075890477e-4,TRUE,
"HALLMARK_UV_RESPONSE_DN",143,-0.33068485252441676,-1.5905829751687643,8.309132375690333e-4,0.001978364851354841,"SMAD7;ZMIZ1;FBLN5;IGFBP5;PTPN21;LTBP1;PDGFRB;ERBB2;PTPRM;EFEMP1;COL1A1;COL1A2;WDR37;COL3A1;SYNE1;MGLL;COL11A1;RBPMS;KCNMA1;ATP2B4;PIK3CD;IGF1R;DAB2;RXRA;ABCC1;PLPP3;AKT3;ATXN1;COL5A2;RUNX1;MAP1B;ATRN;LAMC1;SLC67A1;CCN1;SERPINE1;TGFBR2;VLDLR;MAGI2;FZD2;ADGRL2;DBP;PIAS3;PEX14;SMAD3;MMP16",-1.7686913778443552,1.6205397161665863e-4,TRUE,
"HALLMARK_MITOTIC_SPINDLE",197,0.3042890746240492,1.5285865619630994,0.002159188679996206,0.0049072469999913776,"CDK1;BUB1;DLGAP5;NEK2;RACGAP1;BIRC5;ECT2;CCNB2;FBXO5;KIF11;KIF23;NDC80;TTK;CENPE;ANLN;SASS6;LMNB1;KIF2C;KIF15;TOP2A;KIF20B;KIF4A;SMC4;CDC42;AURKA;CDC27;KNTC1;BRCA2;CEP57;YWHAE;LRPPRC;TPX2;RFC1;CENPF;PPP4R2;RAPGEF6",1.5718377092447826,0.0025364578874076914,TRUE,
"HALLMARK_ESTROGEN_RESPONSE_EARLY",193,-0.28746130074066395,-1.4347252066619491,0.0028224544317637535,0.0061357705038342465,"NCOR2;MINDY1;EEIG1;SVIL;RARA;SLC24A3;RPS6KA2;KDM4B;AR;NADSYN1;DHRS3;CELSR1;CLIC3;INHBB;GAB2;SH3BP5;PGR;AKAP1;MAST4;RAB17;HSPB8;GFRA1;ESRP2;TJP3;SYNGR1;ALDH3B1;OLFML3;ABAT;WFS1;CISH;IGF1R;CALB2;FCMR;TSKU;SEMA3B;KAZN;KCNK5;ANXA9;REEP1;CXCL12;KRT15;IGFBP4;FLNB;ADCY9;FARP1;TGM2;P2RY2;LRIG1",-1.502215394848788,0.00275588824387365,TRUE,
"HALLMARK_INTERFERON_ALPHA_RESPONSE",97,0.35192349877791856,1.5561717278591092,0.003656058591639321,0.00761678873258192,"PSMA3;PNPT1;PSME2;NMI;PSME1;CD47;LAP3;CXCL10;CASP8;CASP1;IL15;RIPK2;EIF2AK2;CXCL11;WARS1;GBP4;PLSCR1;PARP9;B2M;IRF1;IL7;NCOA7;USP18;PSMB8;PARP14;TDRD7;IFIT3;DDX60;CMPK2;TAP1;PSMB9;IFI44L;BST2;UBE2L6;OASL;IFI44;HERC6;IFIT2;LAMP3;IFIH1;RTP4;SAMD9L",1.493120963093377,0.01180807264678949,TRUE,
"HALLMARK_ANGIOGENESIS",32,-0.46943789070137404,-1.6754158414241116,0.004383616660745922,0.008767233321491845,"FGFR1;PDGFA;VCAN;COL3A1;APP;JAG2;COL5A2;SLCO2A1;VEGFA;TIMP1;FSTL1;THBD;KCNJ8;VAV2;SERPINA5;POSTN;LUM;NRP1;LPL",-1.8409122751681064,0.0025915644590805103,TRUE,
"HALLMARK_INTERFERON_GAMMA_RESPONSE",196,0.2898274869656191,1.453637093095433,0.005015280846856274,0.00964477085933899,"MTHFD2;CASP3;PSMA3;ISOC1;LYSMD2;PNPT1;PSME2;NMI;PSME1;PSMB2;GCH1;PNP;RAPGEF6;LAP3;CXCL10;NAMPT;GZMA;CASP8;CASP1;PTPN2;IL15;RIPK2;EIF2AK2;CXCL11;WARS1;APOL6;IRF8;JAK2;FAS;HIF1A;GBP4;PLSCR1;B2M;IRF1;IL7;SPPL2A;USP18;PSMB8;PTGS2;CXCL9;PLA2G4A;STAT1;PARP14;TDRD7;IFIT3;CD274;DDX60;CMPK2;NFKB1;TAP1;BPGM;PSMB9;IFI44L;NUP93;IDO1;BST2;UBE2L6;HLA-DMA;PELI1;OASL;IFI44;HERC6;IFIT2;OAS3;IL15RA;PSMB10;OAS2;IFIH1;EIF4E3;RTP4;TNFSF10;SAMD9L",1.3616281975439168,0.035514992076753724,TRUE,
"HALLMARK_UV_RESPONSE_UP",146,0.3062218758612205,1.4577688759132235,0.0066155065102362015,0.012250937981918892,"CDK2;AMD1;POLE3;RFC4;PPAT;CASP3;GRPEL1;CHRNA5;TFRC;FEN1;EIF5;DDX21;PARP2;BTG3;HSPA13;CDC5L;LYN;GCH1;NUP58;NAT1;DNAJA1;FKBP4;TARS1;TMBIM6;PPT1;H2AX;HNRNPU;RPN1;CXCL2;GAL;E2F5;EIF2S3;CCNE1;IRF1;SLC25A4;STIP1;CEBPG",1.4468116541025466,0.015597695407734157,TRUE,
"HALLMARK_PEROXISOME",95,0.33609160261472393,1.4881260305920416,0.00743100974212999,0.013240580016150501,"TOP2A;ISOC1;SLC25A17;MSH2;CTPS1;IDI1;PRDX1;ABCD3;HSD17B11;IDE;PEX13;CDK7;ITGB1BP1;CNBP;IDH1;SOD1;PEX2;RDH11;BCL10;ALDH9A1;HSD17B4;STS;ACSL4;SLC27A2;SCP2;SLC25A19;SLC25A4;SIAH1;NUDT19;YWHAH;VPS4B;HSD3B7;DHCR24;GNPAT;EHHADH;PEX11B;IDH2",1.5134913908104524,0.00950746961269576,TRUE,
"HALLMARK_HYPOXIA",186,-0.28057336100701585,-1.3949980440315026,0.007679536409367292,0.013240580016150501,"MYH9;KIF5A;NAGK;GPC1;NDST1;AKAP12;PYGM;COL5A1;SDC3;PHKG1;BGN;CDKN1C;IGFBP3;JUN;ANKZF1;PKP1;ACKR3;KLF7;DPYSL4;CHST3;IDS;PPP1R3C;PDGFB;CAVIN1;TGFB3;TPST2;PFKL;CAVIN3;ENO3;SDC4;SLC6A6;VEGFA;TGM2;CCN1;AMPD3;CHST2;EFNA1;HK1;SERPINE1;TGFBI;VLDLR;CCN2;SRPX;PPFIA4;SELENBP1;EGFR;DTNA;FBP1;GAA;IRS2;TNFAIP3;ZFP36;PPP1R15A;ETS1;RRAGD;FOXO3;LARGE1;STBD1;SULT2B1;KLHL24;ILVBL;HDLBP;DUSP1;PRDX5;PLIN2;PIM1;B3GALT6;SLC25A1;SCARB1",-1.3618704803665893,0.015597695407734157,TRUE,
"HALLMARK_ADIPOGENESIS",189,0.2835384196266294,1.4166192463842713,0.016497104549032353,0.027495174248387256,"PRDX3;COQ3;AK2;GRPEL1;ELOVL6;ATL2;COQ5;DLAT;NDUFAB1;HADH;SDHB;UBQLN1;G3BP2;CHUK;IDH3A;SDHC;MRPL15;IMMT;NDUFA5;IFNGR1;SUCLG1;GHITM;DLD;RTN3;GPD2;IDH1;PTCD3;SOD1;MTCH2;HIBCH;DRAM2;DBT;ATP5PO;PPP1R15B;ME1;COX6A1;CDKN2C;TANK;GBE1;DECR1;NKIRAS1;SCP2;CMPK1;ECHS1;REEP5;PPM1B;NDUFS3;ATP1B3;CS;ACADM;DNAJB9;JAGN1;UQCRQ",1.3672045609864034,0.042571409397474724,TRUE,
"HALLMARK_APICAL_SURFACE",39,-0.40871068833650215,-1.52380672728925,0.017564738069282018,0.02833022269239035,"TMEM8B;CROCC;GAS1;RHCG;THY1;HSPB1;APP;MAL;SULF2;NCOA6;GATA3;GHRL;MDGA1;EPHB4;SRPX;FLOT2",-1.583785962266648,0.020892987645305002,TRUE,
"HALLMARK_PI3K_AKT_MTOR_SIGNALING",99,0.2942281516228241,1.3137900015675144,0.06041666666666667,0.09440104166666667,"CDK1;EIF4E;UBE2D3;UBE2N;CDK2;PDK1;HSP90B1;ATF1;TBK1;ARPC3;ACTR3;MAPK8;PPP2R1B;CDK4;MAPK1;NCK1;PTPN11;PRKAG1;ACTR2;MAPK9;PLA2G12A;CSNK2B;PIK3R3;PRKAR2A;RALB;IRAK4;CDKN1B;RAC1;MAP3K7;THEM4;CALR;FASLG;RPS6KA3;DAPP1;SMAD2;YWHAB;CLTC",1.2763617950204122,0.11745444191343962,,
"HALLMARK_REACTIVE_OXYGEN_SPECIES_PATHWAY",47,0.3520915135648135,1.3633750403246487,0.06910569105691057,0.10470559251047055,"TXNRD1;TXN;PRDX1;MGST1;GSR;GLRX2;GCLM;SOD1;PRDX4;LAMTOR5;NDUFB4;GLRX;GCLC;PRDX2;PRDX6;NDUFA6;MBP",1.3184767153637182,0.13769157088122605,,
"HALLMARK_TGF_BETA_SIGNALING",52,-0.33015829947918496,-1.3204524239914717,0.076,0.1094583216390682,"NCOR2;LTBP2;SMAD7;PMEPA1;SMURF1;ENG;CDKN1C;SKI;ACVR1;THBS1;FURIN;CDK9;JUNB;SERPINE1;SMAD6;TGFB1;BCAR3;SMAD3;PPP1R15A",-1.2952653288913925,0.13451708366962603,,
"HALLMARK_NOTCH_SIGNALING",32,-0.38185181784715977,-1.362822638244811,0.07662082514734773,0.1094583216390682,"NOTCH1;NOTCH3;DTX1;LFNG;HEYL;FZD1;DTX2;DTX4",-1.3233999142716761,0.13940520446096655,,
"HALLMARK_PANCREAS_BETA_CELLS",21,0.4125755581114123,1.3193657656056592,0.10472279260780287,0.14544832306639288,"SRP9;SRPRB;SEC11A;SPCS1;ELP4",1.3529524348452289,0.13451708366962603,,
"HALLMARK_ALLOGRAFT_REJECTION",184,0.2351551605969361,1.1654409662502139,0.12233009708737864,0.16531094200997112,"ABCE1;UBE2N;MRPL3;NPM1;RARS1;GLMN;RPS3A;BRCA1;RPL9;TPD52;LYN;EIF3J;CD47;IFNGR1;UBE2D1;BCL10;DARS1;GZMA;IL15;RIPK2;NME1;WARS1;EIF5A;NCK1;IRF8;RPL39;MTIF2;JAK2;FAS;HIF1A;ABI1;B2M;GALNT1",1.06457636328604,0.34263705482192874,,
"HALLMARK_APOPTOSIS",157,-0.23181069840860788,-1.1302585433709835,0.18275154004106775,0.24046255268561548,"MADD;BMF;CREBBP;SMAD7;IGFBP6;CLU;RARA;PDGFRB;PLAT;ERBB2;IGF2R;NEFH;TIMP2;GSN;BGN;JUN;MMP2;PPP2R5B;TIMP3;CFLAR;HSPB1;APP;SPTAN1;RHOT2;ANKH;AIFM3;BCL2L1;FEZ1;CASP9;ADD1;GPX3;ERBB3;RELA;BTG2;RNASEL;TGFB2;SATB1;PLCB2;SQSTM1;RHOB;BCL2L2;TIMP1",-1.095921989329941,0.31923200587938083,,
"HALLMARK_KRAS_SIGNALING_UP",182,-0.2256557394377578,-1.1166796152390575,0.20867768595041322,0.2675354948082221,"ADGRA2;SCN1B;TRAF1;JUP;MMP11;PLVAP;ITGBL1;FLT4;PLAT;GYPC;ACE;GPRC5B;ENG;AKAP12;ALDH1A3;GFPT2;RELN;CPE;IGFBP3;HOXD11;AKT2;TMEM100;APOD;ANKH;CD37;SPARCL1;ADAM8;SEMA3B;TMEM176B;F13A1;KCNN4;SATB1;MMP9;DNMBP;USH1C;TMEM158;IGF2;GADD45G;TMEM176A;MAFB;HDAC9;MAP4K1;TNFAIP3;CSF2RA;PPP1R15A;ETS1;DOCK2;ITGB2;PECAM1;GUCY1A1;IL10RA",-1.2348576382309444,0.13451708366962603,,
"HALLMARK_TNFA_SIGNALING_VIA_NFKB",198,-0.2145665041894163,-1.0724549339823406,0.2765072765072765,0.34563409563409564,"TRAF1;LAMB3;PMEPA1;KDM6B;GFPT2;EGR2;PER1;KLF2;JUN;SPSB1;ACKR3;MSC;CFLAR;CLCF1;DENND5A;PLPP3;EDN1;TNC;RELB;SDC4;TNIP2;VEGFA;ABCA1;RELA;JUNB;CCN1;BCL6;BTG2;EHD1;SLC2A6;NINJ1;EFNA1;SERPINE1;STAT5A;SQSTM1;NFKB2;RHOB;TRIP10;GEM;CEBPB;GADD45B;TNIP1;IER2;IRS2;FJX1;BCL3;TNFAIP3;DUSP5;SMAD3;ZFP36;PPP1R15A",-1.0192092408425009,0.4357703428335399,,
"HALLMARK_IL2_STAT5_SIGNALING",190,-0.21543647514410316,-1.0745581436333618,0.2845360824742268,0.34699522252954484,"MAP6;TRAF1;CAPN3;PLEC;ECM1;CTSZ;GABARAPL1;PRAF2;IGF2R;COL6A1;IL4R;DHRS3;PTCH1;ITIH5;IL3RA;CDKN1C;LTB;RNH1;PLPP1;TNFRSF4;MYO1C;CISH;BCL2L1;DENND5A;IGF1R;SHE;P2RX4;CD79B;ENO3;FURIN;AGER;CD81;TGM2;LRIG1;SYT11;AMACR;RHOB;SELP;IRF4;GADD45B;HUWE1;RRAGD;AHNAK;MAPKAPK2;TNFRSF8;CST7;APLP1;ADAM19;BMPR2;IL10RA;CAPG;ST3GAL4;SLC1A5;TNFSF11;S100A1;PLIN2;PIM1;PRKCH;IKZF4;CSF1;NCS1;IFITM3;BHLHE40;GPX4;SCN9A",-1.140163550975664,0.2306721056721057,,
"HALLMARK_P53_PATHWAY",194,-0.2118461308331951,-1.0587844609817028,0.30927835051546393,0.36456347693480745,"RALGDS;NOTCH1;EPS8L2;MXD4;TSPYL2;RAB40C;PRMT2;ITGB4;ACVR1B;PDGFA;ABCC5;PHLDA3;ZBTB16;ZFP36L1;PLXNB2;INHBB;JUN;ST14;CTSF;BLCAP;APP;ABAT;COQ8A;RXRA;EPHX1;CDKN2B;CYFIP2;JAG2;DEF6;KIF13B;SDC1;CD81;CD82;IP6K2;BTG2;XPC;NINJ1;KRT17;ERCC5;PIDD1;TGFB1;TAX1BP3;MKNK2;BAIAP2;PTPN14;TXNIP;ABHD4;CTSD;PPP1R15A;TRAF4;FOXO3;FGF13;PLK3;CDH13;RAD9A",-1.045520232417348,0.38020390824129147,,
"HALLMARK_COMPLEMENT",186,-0.21226314513842143,-1.055362744436271,0.3135245901639344,0.36456347693480745,"LRP1;STX4;NOTCH4;CLU;C1R;MMP14;PRKCD;C3;PLAT;SRC;RHOG;KCNIP3;COL4A2;TIMP2;GNAI2;KCNIP2;FN1;F10;SERPING1;ADRA2B;PDGFB;F7;C1S;DOCK9;CASP9;SPOCK2;ZEB1;ZFPM2;GATA3;ITGAM;EHD1;BRPF3;SIRT6;SERPINE1;CPQ;PCLO;HNF4A;TIMP1;CEBPB;PIK3R5;PRSS36;TNFAIP3;DUSP5;GNB2;GP1BA;CSRP1;CTSD;WAS",-1.20738293505747,0.13940520446096655,,
"HALLMARK_CHOLESTEROL_HOMEOSTASIS",73,0.24631751840915728,1.039024809066505,0.3678646934460888,0.41802806073419185,"STARD4;HMGCR;IDI1;FABP5;TMEM97;SC5D;MAL2;HSD17B7;HMGCS1;LGALS3;FDFT1;PLSCR1;ACAT2;ALCAM;SQLE;NFIL3;ANXA5",1.1368972316226205,0.2845982142857143,,
"HALLMARK_XENOBIOTIC_METABOLISM",170,0.20196112795404225,0.9881881733270109,0.49706457925636005,0.5522939769515112,"PTGES3;HPRT1;SSR3;GART;ADH5;GSTO1;ACP1;ARPP19;SAR1B;TMEM97;PTS;GCH1;CASP6;MTHFD1;GSR;MCCC2;UGDH;IDH1;SLC35B1;TMBIM6;SHMT2;ALDH9A1;PGRMC1;CBR1;KARS1;REG1A;HACL1;CYB5A;IRF8;FAS;GCLC;ETFDH;ARG2;PDLIM5;PAPSS2;ID2",1.038308924352362,0.38020390824129147,,
"HALLMARK_ESTROGEN_RESPONSE_LATE",189,0.18299819015051383,0.9142985227965884,0.7106796116504854,0.7724778387505276,"PLK4;STIL;CDC6;GINS2;HPRT1;RBBP8;KIF20A;TOP2A;MOCS2;AGR2;HSPA4L;FABP5;BTG3;SLC16A1;CDC20;UGDH;FKBP4;SNX10;TSPAN13;SORD;SLC27A2;GLA;ADD3;JAK2;FDFT1;MICB;ARL3;GAL;FKBP5;XBP1;IL17RB;CHPT1;PAPSS2;ASS1;ID2;DNAJC1",0.905335225436922,0.7626208378088077,,
"HALLMARK_HEME_METABOLISM",175,-0.17881216594461005,-0.8767934253344574,0.8235294117647058,0.8760951188986232,"ALAD;RANBP10;TNS1;EZH1;BCAM;C3;MARCHF2;ATP6V0A1;GYPC;TMCC2;SNCA;RBM5;NFE2L1;RNF123;PIGQ;PPP2R5B;SLC10A3;SIDT2;SMOX;OSBP2;ACKR1;PPOX;HAGH;KHNYN;ADD1;FN3K;LMO2;SEC14L1;BTG2;MKRN1;IGSF3;BLVRB;SELENBP1;TAL1;CROCCP2;CA1;BTRC;PC",-0.8917600759828566,0.7762906309751434,,
"HALLMARK_BILE_ACID_METABOLISM",92,-0.17972065953493255,-0.8118622689996741,0.8673076923076923,0.9034455128205129,"PEX16;AR;ABCA2;BMP6;CH25H;ABCD1;MLYCD;LIPE;ABCA9;RXRA;ATXN1;HSD17B6;ABCA8;TFCP2L1;SLC67A1;ABCA1;ABCA6;AMACR;CYP27A1;BCAR3;NR1I2;PAOX;OPTN;DIO2;PEX6;SULT2B1;PRDX5;PEX11G",-0.8940556569078106,0.7262323943661972,,
"HALLMARK_IL6_JAK_STAT3_SIGNALING",81,-0.176510578441269,-0.7768591024634941,0.90715667311412,0.9256700746062448,"ACVR1B;TYK2;ACVRL1;A2M;IL4R;IL3RA;IL17RA;LTB;JUN;IL1R1;PTPN1;EBI3;TGFB1;OSMR;PIK3R5;MYD88;CSF2RA;PDGFC;ITGB3;IL10RB;STAT2;PIM1;CSF2RB;TNFRSF1A",-0.914640685722247,0.6813078064933582,,
"HALLMARK_INFLAMMATORY_RESPONSE",185,-0.1539533958067348,-0.764024133621417,0.9669421487603306,0.9669421487603306,"NMUR1;SCN1B;STAB1;ACVR1B;MMP14;RHOG;PTGIR;IL4R;AXL;GPR132;SCARF1;P2RX4;EDN1;CCR7;PCDH7;IL1R1;ABCA1;RELA;ITGA5;P2RY2;CD82;HPN;BTG2;CHST2;SERPINE1;EBI3;TIMP1;OSMR;GABBR1;BDKRB1;PIK3R5;ADRM1;EMP3;SEMA4D;KCNA3;GP1BA;IRF7;APLNR;PTGER4;IL10RA;NOD2;ITGB3;LTA;P2RX7;CSF3;CSF1;INHBA;MEP1A;PTPRE;CCL22;NLRP3;CMKLR1;VIP;HBEGF;PVR;SPHK1;TNFSF15;CD14;PDPN;CSF3R;SELL;SLAMF1;IFITM1;IL7R;LPAR1;PLAUR;CCL24;CDKN1A;C5AR1;BEST1;SELE;CD40;TNFRSF1B;GNA15;TPBG",-0.9506538393081356,0.650103519668737,,
