"Collection","Pathway","Size","NES","padj","Robust (no covariate)","Leading edge (top 10)"
"Hallmark","HALLMARK_E2F_TARGETS",199,"3.90","<0.001",TRUE,"MAD2L1, PLK4, H2AZ1, RAD51AP1, CDK1, DEPDC1, RRM2, HMMR, TRA2B, UBE2T"
"Hallmark","HALLMARK_MYC_TARGETS_V1",200,"3.80","<0.001",TRUE,"MAD2L1, CCNA2, H2AZ1, TRA2B, SRSF3, EIF4E, ABCE1, PTGES3, MCM6, CDK2"
"Hallmark","HALLMARK_G2M_CHECKPOINT",197,"3.55","<0.001",TRUE,"MAD2L1, CCNA2, PLK4, H2AZ1, CDK1, HMMR, TRA2B, BUB1, PBK, EXO1"
"Hallmark","HALLMARK_MTORC1_SIGNALING",199,"3.05","<0.001",TRUE,"RRM2, BUB1, DHFR, UBE2D3, PSMA4, MTHFD2, CACYBP, POLR3G, UCHL5, HPRT1"
"Hallmark","HALLMARK_OXIDATIVE_PHOSPHORYLATION",199,"3.04","<0.001",TRUE,"PRDX3, MRPS15, MRPS22, CYCS, TIMM17A, MRPL35, ATP5PB, GRPEL1, SDHD, TOMM22"
"Hallmark","HALLMARK_MYOGENESIS",159,"-2.80","<0.001",TRUE,"MEF2D, TSC2, HDAC5, GNAO1, DMPK, NOTCH1, SMTN, AEBP1, MYH9, MYOM1"
"Hallmark","HALLMARK_EPITHELIAL_MESENCHYMAL_TRANSITION",199,"-2.72","<0.001",TRUE,"LRP1, SLIT3, FBLN1, FZD8, ELN, EFEMP2, THBS2, COMP, ITGB5, FLNA"
"Hallmark","HALLMARK_APICAL_JUNCTION",181,"-2.48","<0.001",TRUE,"THBS3, PKD1, MYH9, TRAF1, JUP, TRO, LAMB3, SPEG, PLCG1, INPPL1"
"Hallmark","HALLMARK_HEDGEHOG_SIGNALING",33,"-2.09","<0.001",TRUE,"LDB1, L1CAM, MYH9, CRMP1, ADGRG1, GLI1, SLIT1, PTCH1, CELSR1, THY1"
"Hallmark","HALLMARK_COAGULATION",110,"-2.05","<0.001",TRUE,"LRP1, COMP, MMP11, USP11, CLU, C1R, MMP14, C3, PLAT, CRIP2"
