"Characteristic","Overall, N = 157","Low, N = 78","High, N = 79","p-value","Test"
"Age, years","66.0 [57.0, 73.0]","66.5 [60.0, 74.0]","64.0 [54.0, 72.0]","0.087","Wilcoxon rank-sum test"
"Age group, years",,,,"0.231","Pearson's chi-squared test"
"≤65","78 (49.7%)","35 (44.9%)","43 (54.4%)",,""
"≥66","79 (50.3%)","43 (55.1%)","36 (45.6%)",,""
"Sex",,,,"0.475","Pearson's chi-squared test"
"Male","87 (55.4%)","41 (52.6%)","46 (58.2%)",,""
"Female","70 (44.6%)","37 (47.4%)","33 (41.8%)",,""
"Pathologic stage",,,,"0.765","Pearson's chi-squared test"
"I","30 (19.9%)","16 (20.8%)","14 (18.9%)",,""
"II","49 (32.5%)","26 (33.8%)","23 (31.1%)",,""
"III","47 (31.1%)","21 (27.3%)","26 (35.1%)",,""
"IV","25 (16.6%)","14 (18.2%)","11 (14.9%)",,""
"Missing","6","1","5",,""
"Pathologic T",,,,"0.468","Fisher's exact test"
"T1","9 (5.8%)","3 (3.8%)","6 (7.7%)",,""
"T2","27 (17.3%)","16 (20.5%)","11 (14.1%)",,""
"T3","107 (68.6%)","54 (69.2%)","53 (67.9%)",,""
"T4","13 (8.3%)","5 (6.4%)","8 (10.3%)",,""
"Missing","1","0","1",,""
"Pathologic N",,,,"0.432","Pearson's chi-squared test"
"N0","80 (51.9%)","42 (53.8%)","38 (50.0%)",,""
"N1","42 (27.3%)","23 (29.5%)","19 (25.0%)",,""
"N2","32 (20.8%)","13 (16.7%)","19 (25.0%)",,""
"Missing","3","0","3",,""
"Pathologic M",,,,"0.355","Pearson's chi-squared test"
"M0","119 (84.4%)","63 (81.8%)","56 (87.5%)",,""
"M1","22 (15.6%)","14 (18.2%)","8 (12.5%)",,""
"Missing","16","1","15",,""
"Pathologic stage group",,,,"0.576","Pearson's chi-squared test"
"I–II","79 (52.3%)","42 (54.5%)","37 (50.0%)",,""
"III–IV","72 (47.7%)","35 (45.5%)","37 (50.0%)",,""
"Missing","6","1","5",,""
"Pretreatment CEA",,,,"0.019","Pearson's chi-squared test"
"≤5 ng/mL","62 (58.5%)","34 (70.8%)","28 (48.3%)",,""
">5 ng/mL","44 (41.5%)","14 (29.2%)","30 (51.7%)",,""
"Missing","51","30","21",,""
"Lymphovascular invasion",,,,"0.256","Pearson's chi-squared test"
"No","82 (59.0%)","38 (54.3%)","44 (63.8%)",,""
"Yes","57 (41.0%)","32 (45.7%)","25 (36.2%)",,""
"Missing","18","8","10",,""
"Vascular invasion",,,,"0.379","Pearson's chi-squared test"
"No","101 (74.3%)","49 (71.0%)","52 (77.6%)",,""
"Yes","35 (25.7%)","20 (29.0%)","15 (22.4%)",,""
"Missing","21","9","12",,""
"Residual tumor",,,,"0.361","Fisher's exact test"
"R0","116 (87.2%)","60 (83.3%)","56 (91.8%)",,""
"R1","2 (1.5%)","1 (1.4%)","1 (1.6%)",,""
"R2","10 (7.5%)","8 (11.1%)","2 (3.3%)",,""
"RX","5 (3.8%)","3 (4.2%)","2 (3.3%)",,""
"Missing","24","6","18",,""
"Histology",,,,"0.753","Pearson's chi-squared test"
"Rectal Adenocarcinoma","138 (91.4%)","70 (92.1%)","68 (90.7%)",,""
"Rectal Mucinous Adenocarcinoma","13 (8.6%)","6 (7.9%)","7 (9.3%)",,""
"Missing","6","2","4",,""
"Tumor site",,,,"<0.001","Fisher's exact test"
"Rectosigmoid Junction","47 (30.3%)","11 (14.3%)","36 (46.2%)",,""
"Rectum","103 (66.5%)","64 (83.1%)","39 (50.0%)",,""
"Sigmoid Colon","5 (3.2%)","2 (2.6%)","3 (3.8%)",,""
"Missing","2","1","1",,""
"Tumor status",,,,"<0.001","Pearson's chi-squared test"
"Tumor free","59 (42.4%)","16 (22.5%)","43 (63.2%)",,""
"With tumor","80 (57.6%)","55 (77.5%)","25 (36.8%)",,""
"Missing","18","7","11",,""
