"var1","var2","r","p","n"
"ROCK2","ROCK2",1,,158
"APC","ROCK2",0.6597476483860594,5.636700910253864e-21,157
"KRAS","ROCK2",0.6271908314967056,1.5177488511586515e-18,157
"TP53","ROCK2",5.034729546564291e-4,0.9950068020962419,157
"Age","ROCK2",-0.11932991914775519,0.1353364231943844,158
"CEA","ROCK2",0.11012990558976772,0.2587919436511987,107
"ROCK2","APC",0.6597476483860594,5.636700910253864e-21,157
"APC","APC",1,,157
"KRAS","APC",0.6286342075996276,1.5490801145432003e-18,156
"TP53","APC",-0.151719837440018,0.058664395160503334,156
"Age","APC",-0.20988017368077955,0.008334065467267128,157
"CEA","APC",0.01982986384427026,0.8401043150164753,106
"ROCK2","KRAS",0.6271908314967056,1.5177488511586515e-18,157
"APC","KRAS",0.6286342075996276,1.5490801145432003e-18,156
"KRAS","KRAS",1,,157
"TP53","KRAS",-0.1265443418931916,0.1154500401537688,156
"Age","KRAS",-0.09157288565839075,0.2540221413275447,157
"CEA","KRAS",0.013275103803629024,0.892563688361321,106
"ROCK2","TP53",5.034729546564291e-4,0.9950068020962419,157
"APC","TP53",-0.151719837440018,0.058664395160503334,156
"KRAS","TP53",-0.1265443418931916,0.1154500401537688,156
"TP53","TP53",1,,157
"Age","TP53",0.050834613014231846,0.5272072765513662,157
"CEA","TP53",-0.10805519459090973,0.27022814918596444,106
"ROCK2","Age",-0.11932991914775519,0.1353364231943844,158
"APC","Age",-0.20988017368077955,0.008334065467267128,157
"KRAS","Age",-0.09157288565839075,0.2540221413275447,157
"TP53","Age",0.050834613014231846,0.5272072765513662,157
"Age","Age",1,,158
"CEA","Age",0.007985617408101948,0.9349370186734874,107
"ROCK2","CEA",0.11012990558976772,0.2587919436511987,107
"APC","CEA",0.01982986384427026,0.8401043150164753,106
"KRAS","CEA",0.013275103803629024,0.892563688361321,106
"TP53","CEA",-0.10805519459090973,0.27022814918596444,106
"Age","CEA",0.007985617408101948,0.9349370186734874,107
"CEA","CEA",1,,107
