"Characteristic","Overall, N = 158","Low, N = 79","High, N = 79","p-value","Test"
"Age, years","66.0 [57.0, 73.0]","65.0 [57.0, 73.0]","66.0 [57.0, 72.0]","0.873","Wilcoxon rank-sum test"
"Missing","1","1","0",,""
"Age group, years",,,,"0.473","Pearson's chi-squared test"
"≤65","78 (49.7%)","41 (52.6%)","37 (46.8%)",,""
"≥66","79 (50.3%)","37 (47.4%)","42 (53.2%)",,""
"Missing","1","1","0",,""
"Sex",,,,"0.803","Pearson's chi-squared test"
"Male","87 (55.4%)","44 (56.4%)","43 (54.4%)",,""
"Female","70 (44.6%)","34 (43.6%)","36 (45.6%)",,""
"Missing","1","1","0",,""
"Pathologic stage",,,,"0.913","Pearson's chi-squared test"
"I","30 (19.9%)","16 (21.3%)","14 (18.4%)",,""
"II","49 (32.5%)","25 (33.3%)","24 (31.6%)",,""
"III","47 (31.1%)","23 (30.7%)","24 (31.6%)",,""
"IV","25 (16.6%)","11 (14.7%)","14 (18.4%)",,""
"Missing","7","4","3",,""
"Pathologic T",,,,"0.656","Fisher's exact test"
"T1","9 (5.8%)","6 (7.8%)","3 (3.8%)",,""
"T2","27 (17.3%)","13 (16.9%)","14 (17.7%)",,""
"T3","107 (68.6%)","53 (68.8%)","54 (68.4%)",,""
"T4","13 (8.3%)","5 (6.5%)","8 (10.1%)",,""
"Missing","2","2","0",,""
"Pathologic N",,,,"0.655","Pearson's chi-squared test"
"N0","80 (51.9%)","40 (52.6%)","40 (51.3%)",,""
"N1","43 (27.9%)","19 (25.0%)","24 (30.8%)",,""
"N2","31 (20.1%)","17 (22.4%)","14 (17.9%)",,""
"Missing","4","3","1",,""
"Pathologic M",,,,"0.913","Pearson's chi-squared test"
"M0","119 (84.4%)","61 (84.7%)","58 (84.1%)",,""
"M1","22 (15.6%)","11 (15.3%)","11 (15.9%)",,""
"Missing","17","7","10",,""
"Pathologic stage group",,,,"0.566","Pearson's chi-squared test"
"I–II","79 (52.3%)","41 (54.7%)","38 (50.0%)",,""
"III–IV","72 (47.7%)","34 (45.3%)","38 (50.0%)",,""
"Missing","7","4","3",,""
"Pretreatment CEA",,,,"0.456","Pearson's chi-squared test"
"≤5 ng/mL","63 (59.4%)","31 (63.3%)","32 (56.1%)",,""
">5 ng/mL","43 (40.6%)","18 (36.7%)","25 (43.9%)",,""
"Missing","52","30","22",,""
"Lymphovascular invasion",,,,"0.887","Pearson's chi-squared test"
"No","83 (59.7%)","39 (59.1%)","44 (60.3%)",,""
"Yes","56 (40.3%)","27 (40.9%)","29 (39.7%)",,""
"Missing","19","13","6",,""
"Vascular invasion",,,,"0.853","Pearson's chi-squared test"
"No","101 (74.3%)","48 (75.0%)","53 (73.6%)",,""
"Yes","35 (25.7%)","16 (25.0%)","19 (26.4%)",,""
"Missing","22","15","7",,""
"Residual tumor",,,,">0.999","Fisher's exact test"
"R0","116 (90.6%)","56 (90.3%)","60 (90.9%)",,""
"R1","2 (1.6%)","1 (1.6%)","1 (1.5%)",,""
"R2","10 (7.8%)","5 (8.1%)","5 (7.6%)",,""
"Missing","30","17","13",,""
"Histology",,,,"0.398","Pearson's chi-squared test"
"Rectal Adenocarcinoma","138 (91.4%)","68 (89.5%)","70 (93.3%)",,""
"Rectal Mucinous Adenocarcinoma","13 (8.6%)","8 (10.5%)","5 (6.7%)",,""
"Missing","7","3","4",,""
"Tumor site",,,,"0.870","Fisher's exact test"
"Rectosigmoid Junction","48 (31.0%)","23 (29.9%)","25 (32.1%)",,""
"Rectum","102 (65.8%)","52 (67.5%)","50 (64.1%)",,""
"Sigmoid Colon","5 (3.2%)","2 (2.6%)","3 (3.8%)",,""
"Missing","3","2","1",,""
"Tumor status",,,,"0.476","Pearson's chi-squared test"
"Tumor free","60 (43.2%)","31 (46.3%)","29 (40.3%)",,""
"With tumor","79 (56.8%)","36 (53.7%)","43 (59.7%)",,""
"Missing","19","12","7",,""
