"Variable","Level","N","Events","HR (95% CI)","p","Overall p"
"MAD2L1 expression, log2 (per 1 unit)","",103,13,"0.74 (0.35–1.59)","0.445",
"Age group, years","≤65 (ref)",55,3,"Reference",,
"","≥66",48,10,"3.78 (1.03–13.90)","0.045",
"Sex","Male (ref)",62,9,"Reference",,
"","Female",41,4,"0.86 (0.26–2.86)","0.809",
"Pathologic stage group","I–II (ref)",50,5,"Reference",,
"","III–IV",53,8,"1.51 (0.47–4.79)","0.486",
"Pretreatment CEA","≤5 ng/mL (ref)",61,7,"Reference",,
"",">5 ng/mL",42,6,"1.67 (0.51–5.44)","0.392",
