"Characteristic","Overall, N = 156","Low, N = 79","High, N = 77","p-value","Test"
"Age, years","66.0 [57.0, 73.0]","67.0 [60.0, 73.0]","62.0 [56.0, 72.0]","0.059","Wilcoxon rank-sum test"
"Age group, years",,,,"0.055","Pearson's chi-squared test"
"≤65","77 (49.4%)","33 (41.8%)","44 (57.1%)",,""
"≥66","79 (50.6%)","46 (58.2%)","33 (42.9%)",,""
"Sex",,,,"0.191","Pearson's chi-squared test"
"Male","87 (55.8%)","40 (50.6%)","47 (61.0%)",,""
"Female","69 (44.2%)","39 (49.4%)","30 (39.0%)",,""
"Pathologic stage",,,,"0.848","Pearson's chi-squared test"
"I","30 (20.0%)","15 (19.7%)","15 (20.3%)",,""
"II","48 (32.0%)","26 (34.2%)","22 (29.7%)",,""
"III","48 (32.0%)","22 (28.9%)","26 (35.1%)",,""
"IV","24 (16.0%)","13 (17.1%)","11 (14.9%)",,""
"Missing","6","3","3",,""
"Pathologic T",,,,"0.048","Fisher's exact test"
"T1","9 (5.8%)","4 (5.1%)","5 (6.5%)",,""
"T2","27 (17.4%)","15 (19.2%)","12 (15.6%)",,""
"T3","106 (68.4%)","48 (61.5%)","58 (75.3%)",,""
"T4","13 (8.4%)","11 (14.1%)","2 (2.6%)",,""
"Missing","1","1","0",,""
"Pathologic N",,,,"0.311","Pearson's chi-squared test"
"N0","79 (51.6%)","42 (54.5%)","37 (48.7%)",,""
"N1","42 (27.5%)","17 (22.1%)","25 (32.9%)",,""
"N2","32 (20.9%)","18 (23.4%)","14 (18.4%)",,""
"Missing","3","2","1",,""
"Pathologic M",,,,"0.758","Pearson's chi-squared test"
"M0","119 (85.0%)","61 (85.9%)","58 (84.1%)",,""
"M1","21 (15.0%)","10 (14.1%)","11 (15.9%)",,""
"Missing","16","8","8",,""
"Pathologic stage group",,,,"0.629","Pearson's chi-squared test"
"I–II","78 (52.0%)","41 (53.9%)","37 (50.0%)",,""
"III–IV","72 (48.0%)","35 (46.1%)","37 (50.0%)",,""
"Missing","6","3","3",,""
"Pretreatment CEA",,,,"0.319","Pearson's chi-squared test"
"≤5 ng/mL","62 (58.5%)","30 (63.8%)","32 (54.2%)",,""
">5 ng/mL","44 (41.5%)","17 (36.2%)","27 (45.8%)",,""
"Missing","50","32","18",,""
"Lymphovascular invasion",,,,"0.160","Pearson's chi-squared test"
"No","82 (59.0%)","39 (53.4%)","43 (65.2%)",,""
"Yes","57 (41.0%)","34 (46.6%)","23 (34.8%)",,""
"Missing","17","6","11",,""
"Vascular invasion",,,,"0.143","Pearson's chi-squared test"
"No","101 (74.3%)","49 (69.0%)","52 (80.0%)",,""
"Yes","35 (25.7%)","22 (31.0%)","13 (20.0%)",,""
"Missing","20","8","12",,""
"Residual tumor",,,,"0.452","Fisher's exact test"
"R0","116 (87.2%)","62 (91.2%)","54 (83.1%)",,""
"R1","2 (1.5%)","1 (1.5%)","1 (1.5%)",,""
"R2","10 (7.5%)","3 (4.4%)","7 (10.8%)",,""
"RX","5 (3.8%)","2 (2.9%)","3 (4.6%)",,""
"Missing","23","11","12",,""
"Histology",,,,"0.772","Pearson's chi-squared test"
"Rectal Adenocarcinoma","137 (91.3%)","68 (90.7%)","69 (92.0%)",,""
"Rectal Mucinous Adenocarcinoma","13 (8.7%)","7 (9.3%)","6 (8.0%)",,""
"Missing","6","4","2",,""
"Tumor site",,,,"0.439","Fisher's exact test"
"Rectosigmoid Junction","47 (30.5%)","25 (31.6%)","22 (29.3%)",,""
"Rectum","102 (66.2%)","53 (67.1%)","49 (65.3%)",,""
"Sigmoid Colon","5 (3.2%)","1 (1.3%)","4 (5.3%)",,""
"Missing","2","0","2",,""
"Tumor status",,,,"0.750","Pearson's chi-squared test"
"Tumor free","59 (42.8%)","29 (41.4%)","30 (44.1%)",,""
"With tumor","79 (57.2%)","41 (58.6%)","38 (55.9%)",,""
"Missing","18","9","9",,""
"KRAS testing performed",,,,"0.673","Pearson's chi-squared test"
"No","125 (89.9%)","64 (88.9%)","61 (91.0%)",,""
"Yes","14 (10.1%)","8 (11.1%)","6 (9.0%)",,""
"Missing","17","7","10",,""
"BRAF testing performed",,,,">0.999","Fisher's exact test"
"No","130 (94.2%)","68 (94.4%)","62 (93.9%)",,""
"Yes","8 (5.8%)","4 (5.6%)","4 (6.1%)",,""
"Missing","18","7","11",,""
"MMR IHC performed",,,,"0.154","Fisher's exact test"
"No","116 (93.5%)","62 (96.9%)","54 (90.0%)",,""
"Yes","8 (6.5%)","2 (3.1%)","6 (10.0%)",,""
"Missing","32","15","17",,""
