"endpoint","population","model","term","n","events","dropped","params","epv","stage_levels","exploratory","hr","lo","hi","p","ph_p_term","ph_p_global","p_interaction","rmst_tau","rmst_low","rmst_high","rmst_diff","rmst_lo","rmst_hi","rmst_p","logrank_p","tcga_multi_hr","direction_match"
"OS","All","Univariable","group",562,191,0,1,191,,FALSE,1.037975698973388,0.7814842086979963,1.3786504444591416,0.7968864026553683,0.0046685282342333705,0.0046685282342333705,,60,50.90345869154374,48.32334685851608,-2.580111833027658,-5.56821543200814,0.40799176595282427,0.0905786766368234,0.7953294442875835,0.5472899838669163,FALSE
"OS","All","Univariable, continuous (per 1 log2 unit)","expr_log2",562,191,0,1,191,,FALSE,0.9611392133132495,0.8600282226687087,1.0741375259777544,0.48461679154580095,0.016884055329595294,0.016884055329595294,,60,50.90345869154374,48.32334685851608,-2.580111833027658,-5.56821543200814,0.40799176595282427,0.0905786766368234,0.7953294442875835,0.5472899838669163,TRUE
"OS","All","Multivariable","group",557,190,5,6,31.666666666666668,"I–IV",FALSE,1.1376790933370986,0.8534967962858695,1.516483395191101,0.3790459218145234,0.003491260716797148,0.04047611795357064,,60,50.90345869154374,48.32334685851608,-2.580111833027658,-5.56821543200814,0.40799176595282427,0.0905786766368234,0.7953294442875835,0.5472899838669163,FALSE
"OS","All","Multivariable (MMR status known)","group",511,175,5,6,29.166666666666668,"I–IV",FALSE,1.2155819004495294,0.899045258380903,1.6435650407206202,0.20462724115936784,0.0037759386358054963,0.05835862427841059,,60,50.90345869154374,48.32334685851608,-2.580111833027658,-5.56821543200814,0.40799176595282427,0.0905786766368234,0.7953294442875835,0.5472899838669163,FALSE
"OS","All","Multivariable + MMR status","group",511,175,51,7,25,"I–IV",FALSE,1.2223565720221015,0.9027489280070732,1.6551175446579052,0.1941625306006475,0.0037666659164158015,0.06012687946002037,0.36152536534101476,60,50.90345869154374,48.32334685851608,-2.580111833027658,-5.56821543200814,0.40799176595282427,0.0905786766368234,0.7953294442875835,0.5472899838669163,FALSE
"OS","All","Multivariable, 0–24 months","group",557,76,5,6,31.666666666666668,"I–IV",FALSE,2.5043987903171625,1.541474162252553,4.068841018896344,2.0921764329711703e-4,,,,60,50.90345869154374,48.32334685851608,-2.580111833027658,-5.56821543200814,0.40799176595282427,0.0905786766368234,0.7953294442875835,0.5472899838669163,FALSE
"OS","All","Multivariable, >24 months","group",435,114,5,6,31.666666666666668,"I–IV",FALSE,0.6760551911064079,0.4597922241241018,0.9940373008538742,0.04655015290091284,,,,60,50.90345869154374,48.32334685851608,-2.580111833027658,-5.56821543200814,0.40799176595282427,0.0905786766368234,0.7953294442875835,0.5472899838669163,TRUE
"OS","pMMR","Univariable","group",444,158,0,1,158,,FALSE,1.0633164509876412,0.778280324798575,1.452743746584589,0.6998006218215425,0.017282947186709703,0.017282947186709703,,60,50.2003682345922,47.562082202691414,-2.6382860319007833,-6.099091539108548,0.8225194753069816,0.13513769729671396,0.6985659052219557,0.5472899838669163,FALSE
"OS","pMMR","Univariable, continuous (per 1 log2 unit)","expr_log2",444,158,0,1,158,,FALSE,0.9654525732377858,0.854461151755548,1.090861380012892,0.5725871288011979,0.04022783271750414,0.04022783271750414,,60,50.2003682345922,47.562082202691414,-2.6382860319007833,-6.099091539108548,0.8225194753069816,0.13513769729671396,0.6985659052219557,0.5472899838669163,TRUE
"OS","pMMR","Multivariable","group",440,157,4,6,26.166666666666668,"I–IV",FALSE,1.2666645111843189,0.9196915001211345,1.7445404069543813,0.147792333508651,0.019049752720513412,0.1164836485578212,,60,50.2003682345922,47.562082202691414,-2.6382860319007833,-6.099091539108548,0.8225194753069816,0.13513769729671396,0.6985659052219557,0.5472899838669163,FALSE
"OS","pMMR","Multivariable, 0–24 months","group",440,64,4,6,26.166666666666668,"I–IV",FALSE,2.4327911331337115,1.446735056000878,4.090916766622137,8.003492696602281e-4,,,,60,50.2003682345922,47.562082202691414,-2.6382860319007833,-6.099091539108548,0.8225194753069816,0.13513769729671396,0.6985659052219557,0.5472899838669163,FALSE
"OS","pMMR","Multivariable, >24 months","group",336,93,4,6,26.166666666666668,"I–IV",FALSE,0.8071620042644185,0.5268942385366648,1.2365109607908848,0.32490269763182467,,,,60,50.2003682345922,47.562082202691414,-2.6382860319007833,-6.099091539108548,0.8225194753069816,0.13513769729671396,0.6985659052219557,0.5472899838669163,TRUE
"RFS","All","Univariable","group",497,140,0,1,140,,FALSE,1.0825015648423315,0.7771313986746148,1.5078655165453345,0.6392007335193072,0.034256584794036524,0.034256584794036524,,60,48.36658846833454,46.99833700715895,-1.3682514611755892,-5.066887553841708,2.33038463149053,0.468416797900508,0.641062174049095,0.5472899838669163,FALSE
"RFS","All","Univariable, continuous (per 1 log2 unit)","expr_log2",497,140,0,1,140,,FALSE,0.9646161812966495,0.8490375059611945,1.0959284727544871,0.5801024179624128,0.2958504999422576,0.2958504999422576,,60,48.36658846833454,46.99833700715895,-1.3682514611755892,-5.066887553841708,2.33038463149053,0.468416797900508,0.641062174049095,0.5472899838669163,TRUE
"RFS","All","Multivariable","group",492,140,5,5,28,"I–III",FALSE,1.1130670076427978,0.7978764976724699,1.5527693410158205,0.5282822447152102,0.02479943510099194,0.052378208181486315,,60,48.36658846833454,46.99833700715895,-1.3682514611755892,-5.066887553841708,2.33038463149053,0.468416797900508,0.641062174049095,0.5472899838669163,FALSE
"RFS","All","Multivariable (MMR status known)","group",448,132,5,5,26.4,"I–III",FALSE,1.1034178594778807,0.7827593110039252,1.5554346725728605,0.574261944377236,0.03774720537807927,0.10295347108530253,,60,48.36658846833454,46.99833700715895,-1.3682514611755892,-5.066887553841708,2.33038463149053,0.468416797900508,0.641062174049095,0.5472899838669163,FALSE
"RFS","All","Multivariable + MMR status","group",448,132,49,6,22,"I–III",FALSE,1.1713013205264504,0.8288032175741421,1.655334769913917,0.37027611517090764,0.03943008300163122,0.1172705161645012,0.20089621301024876,60,48.36658846833454,46.99833700715895,-1.3682514611755892,-5.066887553841708,2.33038463149053,0.468416797900508,0.641062174049095,0.5472899838669163,FALSE
"RFS","All","Multivariable, 0–24 months","group",492,102,5,5,28,"I–III",FALSE,1.4058824867283066,0.9498860006745351,2.080781867598645,0.08857673735486432,,,,60,48.36658846833454,46.99833700715895,-1.3682514611755892,-5.066887553841708,2.33038463149053,0.468416797900508,0.641062174049095,0.5472899838669163,FALSE
"RFS","All","Multivariable, >24 months","group",345,38,5,5,28,"I–III",FALSE,0.5879493118860442,0.3036544975214464,1.1384135462141738,0.11515733910059252,,,,60,48.36658846833454,46.99833700715895,-1.3682514611755892,-5.066887553841708,2.33038463149053,0.468416797900508,0.641062174049095,0.5472899838669163,TRUE
"RFS","pMMR","Univariable","group",383,122,0,1,122,,FALSE,1.130233832610339,0.7924033303974851,1.6120938256736912,0.4992305315179837,0.07112727647768648,0.07112727647768648,,60,46.95076507655641,45.162096206907265,-1.7886688696491433,-6.140374013464241,2.5630362741659543,0.4204744665450279,0.4989118541340681,0.5472899838669163,FALSE
"RFS","pMMR","Univariable, continuous (per 1 log2 unit)","expr_log2",383,122,0,1,122,,FALSE,0.9595373349916435,0.8353800113710819,1.1021473876681958,0.5590611198049809,0.44072886015637275,0.44072886015637275,,60,46.95076507655641,45.162096206907265,-1.7886688696491433,-6.140374013464241,2.5630362741659543,0.4204744665450279,0.4989118541340681,0.5472899838669163,TRUE
"RFS","pMMR","Multivariable","group",379,122,4,5,24.4,"I–III",FALSE,1.2477250183189312,0.8713946517752921,1.7865816804903185,0.22690536547514534,0.05500353581612955,0.11997094799340122,,60,46.95076507655641,45.162096206907265,-1.7886688696491433,-6.140374013464241,2.5630362741659543,0.4204744665450279,0.4989118541340681,0.5472899838669163,FALSE
