"Characteristic","Overall, N = 440","Low, N = 220","High, N = 220","p-value","Test"
"Age, years","68.0 [58.0, 77.0]","67.0 [57.0, 76.0]","68.5 [59.0, 78.0]","0.278","Wilcoxon rank-sum test"
"Missing","1","1","0",,""
"Age group, years",,,,"0.415","Pearson's chi-squared test"
"≤65","184 (41.9%)","96 (43.8%)","88 (40.0%)",,""
"≥66","255 (58.1%)","123 (56.2%)","132 (60.0%)",,""
"Missing","1","1","0",,""
"Sex",,,,"0.475","Pearson's chi-squared test"
"Male","234 (53.3%)","113 (51.6%)","121 (55.0%)",,""
"Female","205 (46.7%)","106 (48.4%)","99 (45.0%)",,""
"Missing","1","1","0",,""
"Pathologic stage",,,,"0.044","Pearson's chi-squared test"
"I","72 (16.7%)","31 (14.6%)","41 (18.9%)",,""
"II","170 (39.5%)","75 (35.2%)","95 (43.8%)",,""
"III","128 (29.8%)","70 (32.9%)","58 (26.7%)",,""
"IV","60 (14.0%)","37 (17.4%)","23 (10.6%)",,""
"Missing","10","7","3",,""
"Pathologic T",,,,"0.564","Pearson's chi-squared test"
"T1","12 (2.7%)","6 (2.7%)","6 (2.7%)",,""
"T2","75 (17.1%)","33 (15.1%)","42 (19.1%)",,""
"T3","301 (68.6%)","151 (68.9%)","150 (68.2%)",,""
"T4","51 (11.6%)","29 (13.2%)","22 (10.0%)",,""
"Missing","1","1","0",,""
"Pathologic N",,,,"0.009","Pearson's chi-squared test"
"N0","258 (58.8%)","113 (51.6%)","145 (65.9%)",,""
"N1","104 (23.7%)","60 (27.4%)","44 (20.0%)",,""
"N2","77 (17.5%)","46 (21.0%)","31 (14.1%)",,""
"Missing","1","1","0",,""
"Pathologic M",,,,"0.034","Pearson's chi-squared test"
"M0","325 (84.4%)","152 (80.4%)","173 (88.3%)",,""
"M1","60 (15.6%)","37 (19.6%)","23 (11.7%)",,""
"Missing","55","31","24",,""
"Pathologic stage group",,,,"0.007","Pearson's chi-squared test"
"I–II","242 (56.3%)","106 (49.8%)","136 (62.7%)",,""
"III–IV","188 (43.7%)","107 (50.2%)","81 (37.3%)",,""
"Missing","10","7","3",,""
"Pretreatment CEA",,,,"0.072","Pearson's chi-squared test"
"≤5 ng/mL","181 (65.1%)","84 (60.0%)","97 (70.3%)",,""
">5 ng/mL","97 (34.9%)","56 (40.0%)","41 (29.7%)",,""
"Missing","162","80","82",,""
"Lymphovascular invasion",,,,"0.008","Pearson's chi-squared test"
"No","244 (61.8%)","107 (55.2%)","137 (68.2%)",,""
"Yes","151 (38.2%)","87 (44.8%)","64 (31.8%)",,""
"Missing","45","26","19",,""
"Vascular invasion",,,,"0.316","Pearson's chi-squared test"
"No","291 (76.6%)","136 (74.3%)","155 (78.7%)",,""
"Yes","89 (23.4%)","47 (25.7%)","42 (21.3%)",,""
"Missing","60","37","23",,""
"Residual tumor",,,,"0.718","Fisher's exact test"
"R0","318 (92.7%)","160 (93.0%)","158 (92.4%)",,""
"R1","4 (1.2%)","1 (0.6%)","3 (1.8%)",,""
"R2","21 (6.1%)","11 (6.4%)","10 (5.8%)",,""
"Missing","97","48","49",,""
"Histology",,,,"0.752","Pearson's chi-squared test"
"Colon Adenocarcinoma","374 (86.2%)","189 (86.7%)","185 (85.6%)",,""
"Colon Mucinous Adenocarcinoma","60 (13.8%)","29 (13.3%)","31 (14.4%)",,""
"Missing","6","2","4",,""
"Tumor site",,,,"0.767","Fisher's exact test"
"Ascending Colon","85 (20.1%)","38 (17.8%)","47 (22.4%)",,""
"Cecum","102 (24.1%)","48 (22.5%)","54 (25.7%)",,""
"Descending Colon","19 (4.5%)","10 (4.7%)","9 (4.3%)",,""
"Hepatic Flexure","27 (6.4%)","14 (6.6%)","13 (6.2%)",,""
"Rectosigmoid Junction","1 (0.2%)","1 (0.5%)","0 (0.0%)",,""
"Sigmoid Colon","144 (34.0%)","80 (37.6%)","64 (30.5%)",,""
"Splenic Flexure","7 (1.7%)","3 (1.4%)","4 (1.9%)",,""
"Transverse Colon","38 (9.0%)","19 (8.9%)","19 (9.0%)",,""
"Missing","17","7","10",,""
"Tumor status",,,,"0.268","Pearson's chi-squared test"
"Tumor free","196 (49.7%)","94 (47.0%)","102 (52.6%)",,""
"With tumor","198 (50.3%)","106 (53.0%)","92 (47.4%)",,""
"Missing","46","20","26",,""
