"Output","Analysis","Model","Settings","n","Data","Packages"
"COAD_cox_multi_APC.csv","Multivariable Cox regression (complete case)","Surv(os_months, status) ~ expr_log2 + age_g + gender + pathologic_stage_12_34 + cea_g","cox_gene_term=continuous; cox_covariates=age_g,gender,pathologic_stage_12_34,cea_g; epv_min=10; stage_full=stage; stage_collapsed=pathologic_stage_12_34; stage_used=NA; epv=9.8; exploratory=TRUE","n=273 (missing excluded 166); events=49","COAD.sav (md5 e018ab2f68a7715c146d85a99912966d); expression: COAD.sav","survival 3.8.6; R 4.6.1"
"COAD_cox_multi_BRAF.csv","Multivariable Cox regression (complete case)","Surv(os_months, status) ~ expr_log2 + age_g + gender + pathologic_stage_12_34 + cea_g","cox_gene_term=continuous; cox_covariates=age_g,gender,pathologic_stage_12_34,cea_g; epv_min=10; stage_full=stage; stage_collapsed=pathologic_stage_12_34; stage_used=NA; epv=9.8; exploratory=TRUE","n=273 (missing excluded 166); events=49","COAD.sav (md5 e018ab2f68a7715c146d85a99912966d); expression: COAD.sav","survival 3.8.6; R 4.6.1"
"COAD_cox_multi_BRCA1.csv","Multivariable Cox regression (complete case)","Surv(os_months, status) ~ expr_log2 + age_g + gender + pathologic_stage_12_34 + cea_g","cox_gene_term=continuous; cox_covariates=age_g,gender,pathologic_stage_12_34,cea_g; epv_min=10; stage_full=stage; stage_collapsed=pathologic_stage_12_34; stage_used=NA; epv=9.8; exploratory=TRUE","n=273 (missing excluded 166); events=49","COAD.sav (md5 e018ab2f68a7715c146d85a99912966d); expression: COAD.sav","survival 3.8.6; R 4.6.1"
"COAD_cox_multi_KRAS.csv","Multivariable Cox regression (complete case)","Surv(os_months, status) ~ expr_log2 + age_g + gender + pathologic_stage_12_34 + cea_g","cox_gene_term=continuous; cox_covariates=age_g,gender,pathologic_stage_12_34,cea_g; epv_min=10; stage_full=stage; stage_collapsed=pathologic_stage_12_34; stage_used=NA; epv=9.8; exploratory=TRUE","n=273 (missing excluded 166); events=49","COAD.sav (md5 e018ab2f68a7715c146d85a99912966d); expression: COAD.sav","survival 3.8.6; R 4.6.1"
"COAD_cox_multi_PIK3CA.csv","Multivariable Cox regression (complete case)","Surv(os_months, status) ~ expr_log2 + age_g + gender + pathologic_stage_12_34 + cea_g","cox_gene_term=continuous; cox_covariates=age_g,gender,pathologic_stage_12_34,cea_g; epv_min=10; stage_full=stage; stage_collapsed=pathologic_stage_12_34; stage_used=NA; epv=9.8; exploratory=TRUE","n=273 (missing excluded 166); events=49","COAD.sav (md5 e018ab2f68a7715c146d85a99912966d); expression: COAD.sav","survival 3.8.6; R 4.6.1"
"COAD_cox_multi_TIMP1.csv","Multivariable Cox regression (complete case)","Surv(os_months, status) ~ expr_log2 + age_g + gender + pathologic_stage_12_34 + cea_g","cox_gene_term=continuous; cox_covariates=age_g,gender,pathologic_stage_12_34,cea_g; epv_min=10; stage_full=stage; stage_collapsed=pathologic_stage_12_34; stage_used=NA; epv=9.8; exploratory=TRUE","n=273 (missing excluded 166); events=49","COAD.sav (md5 e018ab2f68a7715c146d85a99912966d); expression: COAD.sav","survival 3.8.6; R 4.6.1"
"COAD_cox_multi_TP53.csv","Multivariable Cox regression (complete case)","Surv(os_months, status) ~ expr_log2 + age_g + gender + pathologic_stage_12_34 + cea_g","cox_gene_term=continuous; cox_covariates=age_g,gender,pathologic_stage_12_34,cea_g; epv_min=10; stage_full=stage; stage_collapsed=pathologic_stage_12_34; stage_used=NA; epv=9.8; exploratory=TRUE","n=273 (missing excluded 166); events=49","COAD.sav (md5 e018ab2f68a7715c146d85a99912966d); expression: COAD.sav","survival 3.8.6; R 4.6.1"
"COAD_cox_multi_ROCK2.csv","Multivariable Cox regression (complete case)","Surv(os_months, status) ~ expr_log2 + age_g + gender + pathologic_stage_12_34 + cea_g","cox_gene_term=continuous; cox_covariates=age_g,gender,pathologic_stage_12_34,cea_g; epv_min=10; stage_full=stage; stage_collapsed=pathologic_stage_12_34; stage_used=NA; epv=9.8; exploratory=TRUE","n=273 (missing excluded 166); events=49","COAD.sav (md5 e018ab2f68a7715c146d85a99912966d); expression: COAD.sav","survival 3.8.6; R 4.6.1"
"COAD_cox_multi_MS4A1.csv","Multivariable Cox regression (complete case)","Surv(os_months, status) ~ expr_log2 + age_g + gender + pathologic_stage_12_34 + cea_g","cox_gene_term=continuous; cox_covariates=age_g,gender,pathologic_stage_12_34,cea_g; epv_min=10; stage_full=stage; stage_collapsed=pathologic_stage_12_34; stage_used=NA; epv=9.8; exploratory=TRUE","n=273 (missing excluded 166); events=49","COAD.sav (md5 e018ab2f68a7715c146d85a99912966d); expression: COAD.sav","survival 3.8.6; R 4.6.1"
"COAD_cox_multi_HIST1H2AC.csv","Multivariable Cox regression (complete case)","Surv(os_months, status) ~ expr_log2 + age_g + gender + pathologic_stage_12_34 + cea_g","cox_gene_term=continuous; cox_covariates=age_g,gender,pathologic_stage_12_34,cea_g; epv_min=10; stage_full=stage; stage_collapsed=pathologic_stage_12_34; stage_used=NA; epv=9.8; exploratory=TRUE","n=273 (missing excluded 166); events=49","COAD.sav (md5 e018ab2f68a7715c146d85a99912966d); expression: COAD_50_50_HIST1H2AC.csv","survival 3.8.6; R 4.6.1"
"COAD_cox_multi_MAD2L1.csv","Multivariable Cox regression (complete case)","Surv(os_months, status) ~ expr_log2 + age_g + gender + pathologic_stage_12_34 + cea_g","cox_gene_term=continuous; cox_covariates=age_g,gender,pathologic_stage_12_34,cea_g; epv_min=10; stage_full=stage; stage_collapsed=pathologic_stage_12_34; stage_used=NA; epv=9.8; exploratory=TRUE","n=273 (missing excluded 166); events=49","COAD.sav (md5 e018ab2f68a7715c146d85a99912966d); expression: COAD_50_50_MAD2L1.csv","survival 3.8.6; R 4.6.1"
"COAD_survival_summary_raw.csv","Overall survival summary per gene: KM/log-rank, univariable, multivariable and stratified Cox, cox.zph, time-split Cox, RMST, BH q","KM + log-rank: Surv(os_months, status) ~ group; univariable: Surv(os_months, status) ~ expr_log2; multivariable: Surv(os_months, status) ~ expr_log2 + age_g + gender + pathologic_stage_12_34 + cea_g; stratified: Surv(os_months, status) ~ expr_log2 + age_g + gender + pathologic_stage_12_34 + cea_g + strata(strata_grp); cox.zph; time-split (gene-term PH violation only): survSplit at ph_split_months, Surv(tstart, ...) ~ gene term early + late + covariates; RMST: survRM2::rmst2 (High vs Low); BH: p.adjust(method = ""BH"") across exploratory genes","primary_gene=HIST1H2AC; group_levels=Low,High; cox_gene_term=continuous; cox_uni_covariates=age_g,gender,pathologic_stage_12_34,cea_g; cox_covariates=age_g,gender,pathologic_stage_12_34,cea_g; epv_min=10; stage_full=stage; stage_collapsed=pathologic_stage_12_34; min_events=10; strata_var=tss; collapse_small_levels=tss:10; ph_split_months=24; rmst_tau=60; km_times=36,60","n=439; events=97 (11 genes)","COAD.sav (md5 e018ab2f68a7715c146d85a99912966d); expression: APC = COAD.sav, BRAF = COAD.sav, BRCA1 = COAD.sav, KRAS = COAD.sav, PIK3CA = COAD.sav, TIMP1 = COAD.sav, TP53 = COAD.sav, ROCK2 = COAD.sav, MS4A1 = COAD.sav, HIST1H2AC = COAD_50_50_HIST1H2AC.csv, MAD2L1 = COAD_50_50_MAD2L1.csv","survival 3.8.6; survRM2 1.0.4; R 4.6.1"
"COAD_survival_summary.csv","Formatted overall survival summary per gene (from survival_summary_raw)","KM + log-rank: Surv(os_months, status) ~ group; univariable: Surv(os_months, status) ~ expr_log2; multivariable: Surv(os_months, status) ~ expr_log2 + age_g + gender + pathologic_stage_12_34 + cea_g; stratified: Surv(os_months, status) ~ expr_log2 + age_g + gender + pathologic_stage_12_34 + cea_g + strata(strata_grp); cox.zph; time-split (gene-term PH violation only): survSplit at ph_split_months, Surv(tstart, ...) ~ gene term early + late + covariates; RMST: survRM2::rmst2 (High vs Low); BH: p.adjust(method = ""BH"") across exploratory genes","primary_gene=HIST1H2AC; group_levels=Low,High; cox_gene_term=continuous; cox_uni_covariates=age_g,gender,pathologic_stage_12_34,cea_g; cox_covariates=age_g,gender,pathologic_stage_12_34,cea_g; epv_min=10; stage_full=stage; stage_collapsed=pathologic_stage_12_34; min_events=10; strata_var=tss; collapse_small_levels=tss:10; ph_split_months=24; rmst_tau=60; km_times=36,60","n=439; events=97 (11 genes)","COAD.sav (md5 e018ab2f68a7715c146d85a99912966d); expression: APC = COAD.sav, BRAF = COAD.sav, BRCA1 = COAD.sav, KRAS = COAD.sav, PIK3CA = COAD.sav, TIMP1 = COAD.sav, TP53 = COAD.sav, ROCK2 = COAD.sav, MS4A1 = COAD.sav, HIST1H2AC = COAD_50_50_HIST1H2AC.csv, MAD2L1 = COAD_50_50_MAD2L1.csv","survival 3.8.6; survRM2 1.0.4; R 4.6.1"
"COAD_km_summary.csv","Kaplan–Meier estimates by expression group","survfit(Surv(os_months, status) ~ group)","group_levels=Low,High; km_times=36,60","n=439; events=97 (11 genes)","COAD.sav (md5 e018ab2f68a7715c146d85a99912966d); expression: APC = COAD.sav, BRAF = COAD.sav, BRCA1 = COAD.sav, KRAS = COAD.sav, PIK3CA = COAD.sav, TIMP1 = COAD.sav, TP53 = COAD.sav, ROCK2 = COAD.sav, MS4A1 = COAD.sav, HIST1H2AC = COAD_50_50_HIST1H2AC.csv, MAD2L1 = COAD_50_50_MAD2L1.csv","survival 3.8.6; R 4.6.1"
"COAD_cox_uni.csv","Univariable Cox regression (one model per term, complete case)","Surv(os_months, status) ~ <term>; terms: group, expr_log2 (11 genes), age_g, gender, pathologic_stage_12_34, cea_g","group_levels=Low,High; cox_uni_covariates=age_g,gender,pathologic_stage_12_34,cea_g; reference_levels=gender:Male,pathologic_stage:I,stage:I,pathologic_stage_12_34:I–II","n=439; events=97 (11 genes; complete cases per model)","COAD.sav (md5 e018ab2f68a7715c146d85a99912966d); expression: APC = COAD.sav, BRAF = COAD.sav, BRCA1 = COAD.sav, KRAS = COAD.sav, PIK3CA = COAD.sav, TIMP1 = COAD.sav, TP53 = COAD.sav, ROCK2 = COAD.sav, MS4A1 = COAD.sav, HIST1H2AC = COAD_50_50_HIST1H2AC.csv, MAD2L1 = COAD_50_50_MAD2L1.csv","survival 3.8.6; R 4.6.1"
"COAD_ph_tests.csv","Proportional hazards test (Schoenfeld residuals)","cox.zph(Surv(os_months, status) ~ expr_log2); cox.zph(Surv(os_months, status) ~ expr_log2 + age_g + gender + pathologic_stage_12_34 + cea_g)","cox_gene_term=continuous; cox_covariates=age_g,gender,pathologic_stage_12_34,cea_g","n=439; events=97 (11 genes)","COAD.sav (md5 e018ab2f68a7715c146d85a99912966d); expression: APC = COAD.sav, BRAF = COAD.sav, BRCA1 = COAD.sav, KRAS = COAD.sav, PIK3CA = COAD.sav, TIMP1 = COAD.sav, TP53 = COAD.sav, ROCK2 = COAD.sav, MS4A1 = COAD.sav, HIST1H2AC = COAD_50_50_HIST1H2AC.csv, MAD2L1 = COAD_50_50_MAD2L1.csv","survival 3.8.6; R 4.6.1"
