"Gene","Group","N","Events","Median OS, months (95% CI)","3-year OS (95% CI)","5-year OS (95% CI)"
"APC","Low",219,50,"83.2 (62.7–NR)","77.4% (71.1–84.4)","67.4% (58.0–78.4)"
"APC","High",220,47,"NR (61.8–NR)","78.4% (71.8–85.7)","62.5% (52.0–75.1)"
"BRAF","Low",220,47,"99.9 (70.1–NR)","80.1% (74.1–86.6)","68.7% (59.2–79.8)"
"BRAF","High",219,50,"65.8 (49.9–NR)","75.6% (68.6–83.3)","59.8% (48.9–73.2)"
"BRCA1","Low",219,55,"67.2 (60.7–NR)","73.4% (66.5–81.1)","61.4% (50.6–74.5)"
"BRCA1","High",220,42,"99.9 (70.1–NR)","82.6% (76.7–88.9)","67.8% (58.0–79.4)"
"KRAS","Low",219,52,"70.1 (61.8–NR)","76.8% (70.1–84.1)","64.2% (54.5–75.7)"
"KRAS","High",220,45,"NR (92.7–NR)","79.4% (73.3–86.0)","65.1% (54.5–77.8)"
"PIK3CA","Low",220,44,"NR (81.3–NR)","79.7% (73.4–86.5)","68.2% (58.7–79.3)"
"PIK3CA","High",219,53,"67.2 (61.8–NR)","76.4% (69.7–83.6)","61.3% (50.6–74.2)"
"TIMP1","Low",220,39,"NR (81.3–NR)","81.2% (74.6–88.3)","71.0% (61.3–82.2)"
"TIMP1","High",219,58,"70.1 (54.6–NR)","74.7% (68.3–81.6)","57.6% (46.8–70.9)"
"TP53","Low",219,52,"67.2 (61.8–NR)","77.7% (71.4–84.6)","63.7% (52.9–76.7)"
"TP53","High",220,45,"NR (70.1–NR)","78.3% (71.7–85.5)","65.4% (55.6–76.8)"
"ROCK2","Low",219,59,"83.2 (49.4–NR)","73.6% (66.9–80.9)","57.1% (46.9–69.4)"
"ROCK2","High",220,38,"99.9 (65.8–NR)","82.2% (75.9–89.0)","72.5% (62.6–84.0)"
"MS4A1","Low",219,63,"67.2 (56.2–NR)","74.3% (67.8–81.4)","58.1% (48.5–69.5)"
"MS4A1","High",220,34,"99.9 (99.9–NR)","81.0% (74.2–88.6)","73.4% (63.3–85.1)"
