"gene","n","events","n_low","n_high","hr_early","lo_early","hi_early","p_early","hr_late","lo_late","hi_late","p_late","rmst_tau","rmst_low","rmst_high","rmst_diff","rmst_lo","rmst_hi","rmst_p","median_os_low","median_os_high","logrank_p","uni_hr","uni_lo","uni_hi","uni_p","multi_n","multi_dropped","multi_events","multi_hr","multi_lo","multi_hi","multi_p","params","epv","stage_var","exploratory","tss_hr","tss_lo","tss_hi","tss_p","tss_strata","ph_global_p_uni","ph_global_p_multi","ph_flag","note","role","logrank_q","uni_q","multi_q"
"MS4A1",436,96,218,218,,,,,,,,,60,46.008486408991814,50.892002364432535,4.883515955440721,0.5982223495483616,9.168809561333081,0.025511192941078967,"67.2 (56.2–NR)","99.9 (99.9–NR)",0.017614069449286517,0.6031230056070647,0.3956666030733879,0.9193532056205157,0.01872751817436517,427,9,92,0.5472899838669163,0.352314610324264,0.8501672018806454,0.007312292743906197,6,15.333333333333334,"stage",FALSE,0.49706596262207053,0.3058411857456538,0.8078525153341507,0.004786165246148569,12,0.9410987087932586,0.11608555128487967,FALSE,"","primary",,,
"APC",436,96,217,219,,,,,,,,,60,47.87890350522937,48.81433043781925,0.9354269325898841,-3.387717150115182,5.25857101529495,0.6715000222781753,"92.7 (62.7–NR)","NR (61.8–NR)",0.5415795252522512,0.8820263905870408,0.590622378809809,1.3172046668121995,0.5395464882505893,427,9,92,0.8588631743095149,0.5669736356388024,1.3010233736069916,0.47273221561224854,6,15.333333333333334,"stage",FALSE,0.8735771976373833,0.5467549994468739,1.3957570045157583,0.5718564002097097,12,0.8459155069782086,0.10174706611114823,FALSE,"","exploratory",0.5415795252522512,0.5395464882505893,0.6303096208163314
"BRAF",436,96,218,218,,,,,,,,,60,49.24256675655311,47.323580448125774,-1.9189863084273355,-6.234847098008959,2.3968744811542884,0.38349747197405554,"99.9 (70.1–NR)","65.8 (49.9–NR)",0.40584375687221497,1.1859201767770673,0.7928602426305917,1.7738393099655287,0.4064960636579941,427,9,92,1.063073218907361,0.6998276256268312,1.614861470702607,0.7743160946932577,6,15.333333333333334,"stage",FALSE,1.114677944788304,0.7253782391317336,1.7129090088017234,0.6204048320243846,12,0.5569411197010147,0.0790849668575184,FALSE,"","exploratory",0.46382143642538853,0.4645669298948504,0.7860452950198783
"BRCA1",436,96,216,220,,,,,,,,,60,46.496340930103734,50.201106280386064,3.7047653502823295,-0.5895115575339922,7.999042258098651,0.09085528792063623,"81.3 (60.7–NR)","99.9 (70.1–NR)",0.04971154316750197,0.6684543514649773,0.44596604416360414,1.0019400038190844,0.051107239533503546,427,9,92,0.7795139470984527,0.5134294325998651,1.1834966114896799,0.2423344043746058,6,15.333333333333334,"stage",FALSE,0.8996953027626718,0.5696681909840514,1.420917738824349,0.650321019831683,12,0.475693437007109,0.08810440242607932,FALSE,"","exploratory",0.13256411511333857,0.1362859720893428,0.5415205684732743
"KRAS",436,96,218,218,,,,,,,,,60,47.65876350424835,49.11355549178178,1.454791987533433,-2.831674035436266,5.741258010503132,0.5059251612722294,"70.1 (61.8–NR)","NR (92.7–NR)",0.2916845313992674,0.8050177291758163,0.5379592634204409,1.204651705720147,0.2915983201914414,427,9,92,0.81515717808972,0.5364201069203046,1.2387328819684171,0.3384503552957965,6,15.333333333333334,"stage",FALSE,0.79355373558043,0.5055589736174377,1.2456064754379712,0.3147905836852608,12,0.4495673990158711,0.07782112078395592,FALSE,"","exploratory",0.46382143642538853,0.4645669298948504,0.5415205684732743
"PIK3CA",436,96,219,217,,,,,,,,,60,48.889650762281114,47.86616986659537,-1.0234808956857435,-5.320291913901347,3.2733301225298597,0.6406039579213019,"NR (81.3–NR)","67.2 (61.8–NR)",0.35550460060867944,1.2079274116706584,0.8081450367541231,1.805478677101994,0.3569453632700642,427,9,92,0.9436082005485721,0.6205527528597318,1.4348440677109966,0.7860452950198783,6,15.333333333333334,"stage",FALSE,0.9239962137510278,0.5922198024916906,1.4416421055731488,0.7276224226638274,12,0.40095258700533853,0.058746023069035785,FALSE,"","exploratory",0.46382143642538853,0.4645669298948504,0.7860452950198783
"TIMP1",436,96,220,216,,,,,,,,,60,51.09879306499633,45.42571919223273,-5.673073872763602,-9.96787078721908,-1.3782769583081231,0.009626868098202148,"NR (81.3–NR)","70.1 (54.6–NR)",0.0076370104562684445,1.7324014099187335,1.1510553000072539,2.6073592164247033,0.008428803296585663,427,9,92,1.7025171070241698,1.1136311687242766,2.602804753597556,0.014013913187593523,6,15.333333333333334,"stage",FALSE,1.6888545694996593,1.0681014795372905,2.670373378899808,0.024974351280320817,12,0.9193183074559537,0.08414111764530614,TRUE,"","exploratory",0.061096083650147556,0.0674304263726853,0.056055652750374094
"TP53",436,96,218,218,,,,,,,,,60,48.16378254430541,48.58545321013895,0.4216706658335383,-3.8709320859214476,4.714273417588524,0.8473262478529096,"67.2 (61.8–NR)","NR (70.1–NR)",0.2735414513440394,0.7985488216628205,0.5336780829424344,1.1948780378299009,0.2739263862824149,427,9,92,0.8041691305762944,0.5300820201056697,1.2199772224738326,0.3053990103053956,6,15.333333333333334,"stage",FALSE,0.8074946897088937,0.5139608020798205,1.2686719906838273,0.35361828077729823,12,0.23968929601810182,0.08933194601012627,FALSE,"","exploratory",0.46382143642538853,0.4645669298948504,0.5415205684732743
"ROCK2",436,96,216,220,,,,,,,,,60,45.40653519260032,51.29791624505546,5.891381052455138,1.6290804293997931,10.153681675510484,0.006747096070310956,"83.2 (56.2–NR)","99.9 (65.8–NR)",0.024420572033986943,0.6272515731524498,0.4165085530297481,0.9446253460108954,0.0255713411094522,427,9,92,0.5699167686868647,0.37390319224495416,0.868687751180494,0.008934294013145995,6,15.333333333333334,"stage",FALSE,0.6216932006968364,0.3899509719521164,0.9911564878472392,0.045793631031796185,12,0.1811078492703863,0.07524846163122018,FALSE,"","exploratory",0.09768228813594777,0.1022853644378088,0.056055652750374094
