"Gene","Role","N","Events","Median OS Low, months (95% CI)","Median OS High, months (95% CI)","Log-rank p","Log-rank q","Univariable HR (95% CI)","Univariable p","Univariable q","Multivariable HR (95% CI)","Multivariable p","Multivariable q","EPV","Stage variable","Strata(TSS) HR (95% CI)","Strata(TSS) p","PH global p","HR 0–24 mo (95% CI)","p 0–24 mo","HR >24 mo (95% CI)","p >24 mo","RMST difference at 60 mo, months (95% CI)","RMST p","Exploratory (EPV < 10)","Note"
"ROCK2","primary",436,96,"83.2 (56.2–NR)","99.9 (65.8–NR)","0.024","–","0.63 (0.42–0.94)","0.026","–","0.57 (0.37–0.87)","0.009","–","15.3","I–IV","0.62 (0.39–0.99)","0.046","0.075",,,,,"5.89 (1.63, 10.15)","0.007",FALSE,""
"APC","exploratory",436,96,"92.7 (62.7–NR)","NR (61.8–NR)","0.542","0.542","0.88 (0.59–1.32)","0.540","0.540","0.86 (0.57–1.30)","0.473","0.630","15.3","I–IV","0.87 (0.55–1.40)","0.572","0.102",,,,,"0.94 (-3.39, 5.26)","0.672",FALSE,""
"BRAF","exploratory",436,96,"99.9 (70.1–NR)","65.8 (49.9–NR)","0.406","0.464","1.19 (0.79–1.77)","0.406","0.465","1.06 (0.70–1.61)","0.774","0.786","15.3","I–IV","1.11 (0.73–1.71)","0.620","0.079",,,,,"-1.92 (-6.23, 2.40)","0.383",FALSE,""
"BRCA1","exploratory",436,96,"81.3 (60.7–NR)","99.9 (70.1–NR)","0.050","0.133","0.67 (0.45–1.00)","0.051","0.136","0.78 (0.51–1.18)","0.242","0.542","15.3","I–IV","0.90 (0.57–1.42)","0.650","0.088",,,,,"3.70 (-0.59, 8.00)","0.091",FALSE,""
"KRAS","exploratory",436,96,"70.1 (61.8–NR)","NR (92.7–NR)","0.292","0.464","0.81 (0.54–1.20)","0.292","0.465","0.82 (0.54–1.24)","0.338","0.542","15.3","I–IV","0.79 (0.51–1.25)","0.315","0.078",,,,,"1.45 (-2.83, 5.74)","0.506",FALSE,""
"PIK3CA","exploratory",436,96,"NR (81.3–NR)","67.2 (61.8–NR)","0.356","0.464","1.21 (0.81–1.81)","0.357","0.465","0.94 (0.62–1.43)","0.786","0.786","15.3","I–IV","0.92 (0.59–1.44)","0.728","0.059",,,,,"-1.02 (-5.32, 3.27)","0.641",FALSE,""
"TIMP1","exploratory",436,96,"NR (81.3–NR)","70.1 (54.6–NR)","0.008","0.061","1.73 (1.15–2.61)","0.008","0.067","1.70 (1.11–2.60)","0.014","0.056","15.3","I–IV","1.69 (1.07–2.67)","0.025","0.084",,,,,"-5.67 (-9.97, -1.38)","0.010",FALSE,""
"TP53","exploratory",436,96,"67.2 (61.8–NR)","NR (70.1–NR)","0.274","0.464","0.80 (0.53–1.19)","0.274","0.465","0.80 (0.53–1.22)","0.305","0.542","15.3","I–IV","0.81 (0.51–1.27)","0.354","0.089",,,,,"0.42 (-3.87, 4.71)","0.847",FALSE,""
"MS4A1","exploratory",436,96,"67.2 (56.2–NR)","99.9 (99.9–NR)","0.018","0.070","0.60 (0.40–0.92)","0.019","0.075","0.55 (0.35–0.85)","0.007","0.056","15.3","I–IV","0.50 (0.31–0.81)","0.005","0.116",,,,,"4.88 (0.60, 9.17)","0.026",FALSE,""
