"Characteristic","Overall, N = 436","Low, N = 217","High, N = 219","p-value","Test"
"Age, years","68.0 [58.0, 77.0]","69.0 [59.0, 78.0]","67.0 [55.0, 76.0]","0.042","Wilcoxon rank-sum test"
"Age group, years",,,,"0.032","Pearson's chi-squared test"
"≤65","183 (42.0%)","80 (36.9%)","103 (47.0%)",,""
"≥66","253 (58.0%)","137 (63.1%)","116 (53.0%)",,""
"Sex",,,,"0.034","Pearson's chi-squared test"
"Male","233 (53.4%)","127 (58.5%)","106 (48.4%)",,""
"Female","203 (46.6%)","90 (41.5%)","113 (51.6%)",,""
"Pathologic stage",,,,"0.777","Pearson's chi-squared test"
"I","71 (16.6%)","39 (18.3%)","32 (15.0%)",,""
"II","169 (39.6%)","82 (38.5%)","87 (40.7%)",,""
"III","127 (29.7%)","61 (28.6%)","66 (30.8%)",,""
"IV","60 (14.1%)","31 (14.6%)","29 (13.6%)",,""
"Missing","9","4","5",,""
"Pathologic T",,,,"0.098","Pearson's chi-squared test"
"T1","12 (2.8%)","5 (2.3%)","7 (3.2%)",,""
"T2","74 (17.0%)","44 (20.3%)","30 (13.7%)",,""
"T3","299 (68.6%)","149 (68.7%)","150 (68.5%)",,""
"T4","51 (11.7%)","19 (8.8%)","32 (14.6%)",,""
"Pathologic N",,,,"0.542","Pearson's chi-squared test"
"N0","256 (58.7%)","130 (59.9%)","126 (57.5%)",,""
"N1","104 (23.9%)","47 (21.7%)","57 (26.0%)",,""
"N2","76 (17.4%)","40 (18.4%)","36 (16.4%)",,""
"Pathologic M",,,,"0.978","Pearson's chi-squared test"
"M0","322 (84.3%)","167 (84.3%)","155 (84.2%)",,""
"M1","60 (15.7%)","31 (15.7%)","29 (15.8%)",,""
"Missing","54","19","35",,""
"Pathologic stage group",,,,"0.803","Pearson's chi-squared test"
"I–II","240 (56.2%)","121 (56.8%)","119 (55.6%)",,""
"III–IV","187 (43.8%)","92 (43.2%)","95 (44.4%)",,""
"Missing","9","4","5",,""
"Pretreatment CEA",,,,"0.889","Pearson's chi-squared test"
"≤5 ng/mL","179 (64.9%)","87 (64.4%)","92 (65.2%)",,""
">5 ng/mL","97 (35.1%)","48 (35.6%)","49 (34.8%)",,""
"Missing","160","82","78",,""
"Lymphovascular invasion",,,,"0.193","Pearson's chi-squared test"
"No","241 (61.5%)","113 (58.2%)","128 (64.6%)",,""
"Yes","151 (38.5%)","81 (41.8%)","70 (35.4%)",,""
"Missing","44","23","21",,""
"Vascular invasion",,,,"0.554","Pearson's chi-squared test"
"No","288 (76.4%)","143 (77.7%)","145 (75.1%)",,""
"Yes","89 (23.6%)","41 (22.3%)","48 (24.9%)",,""
"Missing","59","33","26",,""
"Residual tumor",,,,"0.402","Fisher's exact test"
"R0","316 (86.8%)","156 (85.7%)","160 (87.9%)",,""
"R1","4 (1.1%)","2 (1.1%)","2 (1.1%)",,""
"R2","21 (5.8%)","14 (7.7%)","7 (3.8%)",,""
"RX","23 (6.3%)","10 (5.5%)","13 (7.1%)",,""
"Missing","72","35","37",,""
"Histology",,,,"0.014","Pearson's chi-squared test"
"Colon Adenocarcinoma","373 (86.5%)","193 (90.6%)","180 (82.6%)",,""
"Colon Mucinous Adenocarcinoma","58 (13.5%)","20 (9.4%)","38 (17.4%)",,""
"Missing","5","4","1",,""
"Tumor site",,,,"<0.001","Fisher's exact test"
"Ascending Colon","83 (19.8%)","32 (15.4%)","51 (24.1%)",,""
"Cecum","101 (24.0%)","40 (19.2%)","61 (28.8%)",,""
"Descending Colon","19 (4.5%)","11 (5.3%)","8 (3.8%)",,""
"Hepatic Flexure","27 (6.4%)","14 (6.7%)","13 (6.1%)",,""
"Rectosigmoid Junction","1 (0.2%)","1 (0.5%)","0 (0.0%)",,""
"Sigmoid Colon","144 (34.3%)","92 (44.2%)","52 (24.5%)",,""
"Splenic Flexure","7 (1.7%)","3 (1.4%)","4 (1.9%)",,""
"Transverse Colon","38 (9.0%)","15 (7.2%)","23 (10.8%)",,""
"Missing","16","9","7",,""
"Tumor status",,,,"<0.001","Pearson's chi-squared test"
"Tumor free","196 (50.1%)","74 (37.6%)","122 (62.9%)",,""
"With tumor","195 (49.9%)","123 (62.4%)","72 (37.1%)",,""
"Missing","45","20","25",,""
