"Characteristic","Overall, N = 437","Low, N = 219","High, N = 218","p-value","Test"
"Age, years","68.0 [58.0, 77.0]","68.0 [57.0, 76.0]","68.0 [58.0, 77.0]","0.812","Wilcoxon rank-sum test"
"Missing","1","1","0",,""
"Age group, years",,,,"0.923","Pearson's chi-squared test"
"≤65","183 (42.0%)","91 (41.7%)","92 (42.2%)",,""
"≥66","253 (58.0%)","127 (58.3%)","126 (57.8%)",,""
"Missing","1","1","0",,""
"Sex",,,,"0.924","Pearson's chi-squared test"
"Male","233 (53.4%)","116 (53.2%)","117 (53.7%)",,""
"Female","203 (46.6%)","102 (46.8%)","101 (46.3%)",,""
"Missing","1","1","0",,""
"Pathologic stage",,,,"0.017","Pearson's chi-squared test"
"I","71 (16.6%)","24 (11.1%)","47 (22.3%)",,""
"II","169 (39.6%)","93 (43.1%)","76 (36.0%)",,""
"III","127 (29.7%)","65 (30.1%)","62 (29.4%)",,""
"IV","60 (14.1%)","34 (15.7%)","26 (12.3%)",,""
"Missing","10","3","7",,""
"Pathologic T",,,,"0.009","Pearson's chi-squared test"
"T1","12 (2.8%)","2 (0.9%)","10 (4.6%)",,""
"T2","74 (17.0%)","28 (12.8%)","46 (21.1%)",,""
"T3","299 (68.6%)","160 (73.4%)","139 (63.8%)",,""
"T4","51 (11.7%)","28 (12.8%)","23 (10.6%)",,""
"Missing","1","1","0",,""
"Pathologic N",,,,"0.318","Pearson's chi-squared test"
"N0","256 (58.7%)","126 (57.8%)","130 (59.6%)",,""
"N1","104 (23.9%)","58 (26.6%)","46 (21.1%)",,""
"N2","76 (17.4%)","34 (15.6%)","42 (19.3%)",,""
"Missing","1","1","0",,""
"Pathologic M",,,,"0.178","Pearson's chi-squared test"
"M0","322 (84.3%)","152 (81.7%)","170 (86.7%)",,""
"M1","60 (15.7%)","34 (18.3%)","26 (13.3%)",,""
"Missing","55","33","22",,""
"Pathologic stage group",,,,"0.390","Pearson's chi-squared test"
"I–II","240 (56.2%)","117 (54.2%)","123 (58.3%)",,""
"III–IV","187 (43.8%)","99 (45.8%)","88 (41.7%)",,""
"Missing","10","3","7",,""
"Pretreatment CEA",,,,"0.808","Pearson's chi-squared test"
"≤5 ng/mL","179 (64.9%)","84 (64.1%)","95 (65.5%)",,""
">5 ng/mL","97 (35.1%)","47 (35.9%)","50 (34.5%)",,""
"Missing","161","88","73",,""
"Lymphovascular invasion",,,,"0.098","Pearson's chi-squared test"
"No","241 (61.5%)","126 (65.6%)","115 (57.5%)",,""
"Yes","151 (38.5%)","66 (34.4%)","85 (42.5%)",,""
"Missing","45","27","18",,""
"Vascular invasion",,,,"0.412","Pearson's chi-squared test"
"No","288 (76.4%)","147 (78.2%)","141 (74.6%)",,""
"Yes","89 (23.6%)","41 (21.8%)","48 (25.4%)",,""
"Missing","60","31","29",,""
"Residual tumor",,,,"0.285","Fisher's exact test"
"R0","316 (86.8%)","148 (84.6%)","168 (88.9%)",,""
"R1","4 (1.1%)","1 (0.6%)","3 (1.6%)",,""
"R2","21 (5.8%)","11 (6.3%)","10 (5.3%)",,""
"RX","23 (6.3%)","15 (8.6%)","8 (4.2%)",,""
"Missing","73","44","29",,""
"Histology",,,,"0.087","Pearson's chi-squared test"
"Colon Adenocarcinoma","373 (86.5%)","180 (83.7%)","193 (89.4%)",,""
"Colon Mucinous Adenocarcinoma","58 (13.5%)","35 (16.3%)","23 (10.6%)",,""
"Missing","6","4","2",,""
"Tumor site",,,,"0.438","Fisher's exact test"
"Ascending Colon","83 (19.8%)","39 (18.7%)","44 (20.9%)",,""
"Cecum","101 (24.0%)","44 (21.1%)","57 (27.0%)",,""
"Descending Colon","19 (4.5%)","11 (5.3%)","8 (3.8%)",,""
"Hepatic Flexure","27 (6.4%)","12 (5.7%)","15 (7.1%)",,""
"Rectosigmoid Junction","1 (0.2%)","0 (0.0%)","1 (0.5%)",,""
"Sigmoid Colon","144 (34.3%)","80 (38.3%)","64 (30.3%)",,""
"Splenic Flexure","7 (1.7%)","5 (2.4%)","2 (0.9%)",,""
"Transverse Colon","38 (9.0%)","18 (8.6%)","20 (9.5%)",,""
"Missing","17","10","7",,""
"Tumor status",,,,"0.575","Pearson's chi-squared test"
"Tumor free","196 (50.1%)","95 (51.6%)","101 (48.8%)",,""
"With tumor","195 (49.9%)","89 (48.4%)","106 (51.2%)",,""
"Missing","46","35","11",,""
