"TSS","Low","High","Total","High, %","p-value","Test"
"AA",91,67,158,"42.4","0.009","Fisher's exact test (Monte Carlo, B = 100,000)"
"A6",28,23,51,"45.1","",""
"CM",20,17,37,"45.9","",""
"D5",9,22,31,"71.0","",""
"G4",12,15,27,"55.6","",""
"DM",8,17,25,"68.0","",""
"AZ",13,8,21,"38.1","",""
"F4",12,4,16,"25.0","",""
"AD",4,8,12,"66.7","",""
"CK",3,9,12,"75.0","",""
"AY",4,6,10,"60.0","",""
"CA",7,3,10,"30.0","",""
"NH",3,6,9,"66.7","",""
"QG",1,4,5,"80.0","",""
"5M",0,3,3,"100.0","",""
"AM",1,1,2,"50.0","",""
"AU",1,1,2,"50.0","",""
"3L",0,1,1,"100.0","",""
"4N",1,0,1,"0.0","",""
"4T",0,1,1,"100.0","",""
"QL",1,0,1,"0.0","",""
"RU",0,1,1,"100.0","",""
"SS",0,1,1,"100.0","",""
"T9",0,1,1,"100.0","",""
"WS",0,1,1,"100.0","",""
